8.05138516447689,6.140140689332064,5.633358003895796,0.9199037278005016,2.451939282980996,1.6876489467242284,-2.621229528386245,0.7657399863831532,3.448367749222425,8.484090838907889
7.953896219408531,1.5271865703509167,2.955619067977013,1.121886975184922,3.0010252419462162,1.7166917247139564,-1.7045262227154208,1.127379436091596,5.19774750229486,11.727124122291047
-0.49663268764589397,-1.5178393334436149,3.511510620721308,3.190226404966734,3.3368176182559197,1.4710370439771407,-0.8934607961539057,1.4175095482145412,7.373919320025976,13.182862681889869
-7.946170392232676,2.497462705794576,4.794103076533501,4.810095165084383,2.8970875778192733,0.8724951488135163,-0.03537193214355819,1.9285217916517272,9.369370951158082,7.456864229197123
-7.775286534225297,-0.21815138235993148,7.881480512913884,5.279143139109795,0.7397192790493452,0.8894087541007366,0.9587557636531442,3.090076364048084,9.791048970153334,-2.487927211393103
0.5885605355829986,-3.9528110666361878,5.389608492447975,7.252574093255719,-1.5340470613196566,2.0081965631838505,2.4452273626590735,4.82460851539893,6.8330334629636695,-7.987346547613773
5.543189906785459,2.130576735862623,5.148058101738012,7.236624968831975,-2.0364084752426765,3.4493104214210684,5.117293785018466,5.625117172806454,1.2204034971744595,-7.026562354498263
2.1120775167482164,7.64871727572607,6.317839296178912,3.4703007441911,-1.8883367256111185,3.888927141514826,7.900672635734911,2.632115196304797,-3.375303630386583,-5.348812001623892
-2.036086537284657,7.645826946982983,7.274000990737522,-2.1854014122152643,-0.8622045065452618,3.387962572822401,8.655477282014969,-2.2510517863882087,-2.16016286077193,-3.801983595405538
-2.8184370161558436,5.252653896408947,6.751818481336675,-5.184805968907033,1.4569661074496416,4.406523968799752,7.475474097952571,-3.8149016376049065,2.5818672976826247,-2.4454954786199266
-1.6575991080354564,3.971837326432207,5.792853611777996,-5.129048187089696,2.489439551201336,7.257274680127929,4.504830462578795,-3.287929883059453,5.945724728292541,-0.6792772014125124
-0.6692353552250243,4.01003799621718,4.810941376108945,-4.528789323389792,1.8260337615956772,9.134533810297519,0.980910603954384,-2.4317579103740803,6.986758475154767,1.4629093334794538
-0.26643139873708677,4.494687136057012,3.696350029486543,-4.384640566537024,0.4046421080408368,9.70365797564496,-0.844300371810587,-1.199749738877151,6.859764049651346,3.202010316659449
-0.02714515945623,5.023685148292576,2.3396682312974675,-4.515697261074033,-1.4989661722942196,9.519458040088352,0.1684357010141888,0.022704610474192144,6.935116258381788,4.110834892351842
0.16304790958528076,5.475093475200272,0.8016278989710216,-4.264204953670757,-3.519218439416412,7.9997040359590486,3.582952239422093,0.7241471876989398,7.308544888578532,4.444285887569901
0.3650589486384531,5.7995817841387005,-0.45391434430291466,-2.9990622774371083,-4.4599983106156165,4.500331826092049,7.428603585631807,2.276180215277644,7.365498604251997,4.219675277492346
0.9996737651090076,5.953620608364639,-0.9377558198275465,-1.0262926451064214,-3.7612332983532983,0.7200306105467735,9.56976809880126,6.505901047610245,5.360238289565978,2.526765116826133
2.3816189160252583,5.926600595852373,-0.8621205651292178,0.8199615803552277,-2.4841963725649494,-1.2515946980260075,9.071260680552577,9.627843195367763,-0.41946098959481803,1.636846335890697
5.326059610205553,5.0234232222492246,-0.9300457448474155,2.297924064492957,-1.3894731008195964,-1.4264318701719645,7.607559846510843,8.59652448038391,-4.459233510475526,3.8483538424729864
9.254869286599561,1.5414040846674757,-1.288427120200331,3.4942167608173698,-0.276189739867963,-0.6954872024102651,6.952030657798301,6.133515224143213,-5.071906255920305,4.383935955050617
10.926983267136398,-1.743002977954442,0.06557117908607435,4.107091431786204,0.9277376353216883,0.4248967713811294,7.143914209412918,3.1870883595879924,-5.169528315017113,2.183505020557998
10.90385494055658,0.19102300969977004,1.811907944181553,4.925587759102407,1.7831777541399858,1.7018806023736317,7.371097536393171,-0.3872484352897483,-4.53648215682952,-1.6477320777885858
8.920019508581817,5.804616063899648,1.3011429468167095,5.308945807862938,2.86801888187212,2.898643500083308,6.656859316182424,-3.069531158839268,-1.2193424439438831,-4.036208515421957
6.8801492071809385,9.20457672120774,0.43984434406727196,5.467259488331097,4.868222486124176,3.6723168872317746,4.670702771289104,-3.2133526438761653,2.6946903368270365,-1.8025597271617713
7.34246400922709,9.216272336220454,0.18876898067543754,5.787630291401194,7.047463797764886,2.9765600910391448,2.3210444610021215,-1.9397244065579184,4.216737657612307,2.629844481197348
8.967663770101698,5.202503909069232,-0.4596378973705303,6.1553343782557235,8.421001875955081,0.43765386327316147,1.5120331793778714,-0.4037345849054439,4.467988298149559,7.234805008169481
5.969914265144229,-1.720550916680255,0.06983989966568122,6.3407856453925575,8.22112450503009,-1.9746907596722272,2.957080910887596,1.783081602576096,5.4380009223225105,10.926043847304182
-3.313206052927683,-2.0317053267577405,-0.3805723436528665,6.74506716887903,6.7826363671986405,-2.8126394684406173,4.494068937190127,5.994380097341436,8.204357002427408,8.972060424145297
-5.318844947241506,0.8213971312214747,0.5560537604269442,6.910541229369765,5.366911470946009,-2.881883365740615,4.289930498637064,11.292245361995697,7.047974373294007,-2.259333465332829
-3.0511561693069664,-0.4946186487986146,1.6244976942427705,7.673686797825711,2.8605968394535903,-3.1236822616883955,2.4377919130477173,13.023336029674033,-2.6154265149083606,-4.580679736928696
-1.9709658955236606,-0.18485140878513068,1.8843245919579763,8.19802625327828,-0.0740636224491551,-2.683693929955887,-0.1372542721368717,12.626649991229913,-3.633026002199149,3.1459978800701265
-0.7179676110463994,0.9971679952706797,3.037896700077635,7.942769936389593,-2.250792777310099,-0.33987707919032595,-1.2919231203972104,12.159372305194859,3.9643631226791514,3.7287094715552644
0.06244752034199175,1.748104729019004,4.731324004845596,6.593876778369797,-2.96478138579819,2.586281113410685,1.4913350564567343,11.824306049317203,5.574893103355331,-2.410010757945834
0.7594549915125905,3.1660501156646648,6.279887845167873,4.080993691043794,-2.861222984367964,3.6441254660323956,6.906670503780973,10.652595104174834,-2.649610053095508,-3.294659195606295
1.193464364938347,4.260858122488745,7.1895652043327525,0.451878556232018,-2.370664315955306,2.575459957184284,10.242127844850032,2.4596891200240574,-7.99464147146022,1.3490799299309182
3.0528168635855355,6.103514547077689,5.572308386505345,-2.864111589744514,-0.6030426055618406,1.5654076290333077,10.218056493550764,-5.416686821625634,-4.3276980236746185,-0.3729164830756052
3.2484292858945873,7.706060301926729,1.4488184496560401,-3.9444010929693634,0.9106153657245574,2.778456179555124,8.8877132304296,-6.208306453537263,3.244248864854426,0.3419936407467262
4.303920709577995,6.498186105343059,-2.7083585438599678,-2.127406262156955,0.4913747604210802,4.306529423320293,7.079303445769149,-3.455535722142394,6.372636142261872,5.566809251259556
3.143594504326221,2.4447762342974184,-3.6709853544856537,0.316613179872427,0.8289422289378645,5.19402499434471,6.157833810961739,-1.0730351801724154,6.523030963953764,9.8506870950877
-1.2120760076540649,1.8488866738450385,-2.4131338141721397,1.2698104421252343,2.4338608071938683,6.386355382949777,5.519775455629625,0.44760039482529,6.764504783773507,10.626076196720291
-3.4483723209385886,5.26222766313533,0.31031400639450735,2.0774229529514328,4.472176913477671,7.773547098460017,4.242640845213076,1.3636413613211418,7.475911667703178,8.102610194013247
-3.0877244694248063,6.945956826347975,4.716744929628313,2.6186788925575333,6.2704469020442115,8.323302398644017,1.8865243347496927,2.088691925828791,8.229105896290225,4.474566141691122
-2.260653927884332,6.1925779731852835,8.800688277431483,3.365829897161027,6.858079956918414,6.988211824059839,-0.48023051491812896,2.847437424063888,8.859196984120729,0.7813217271657527
-0.7553194441506483,4.917718329253729,11.877063669605654,4.772337838302275,5.198126562060216,4.241453161089661,-1.2351175300668091,3.177481851234597,9.000887710695917,-2.3156400100339525
1.3204559348172742,5.9470197104157325,13.658195262443014,2.9959379478053396,1.7132839750632742,3.0384775907629873,-0.2384416575478131,3.4059386450984444,8.38109489383765,-3.593106925398353
2.183185054642025,9.373958815093303,11.467176812959213,-3.750900856749782,2.6346101159513307,3.920131538441515,1.4189007941720209,4.2575963274334905,6.980045108213794,-3.685058930493386
1.1880156283728773,11.471617907853446,3.3207731114566315,-7.274053609172567,4.174001814743669,7.605932783482647,2.5651694635224844,4.81003274268712,4.68606750363294,-3.9330779669820584
-1.0905395855590165,11.485988677820535,-3.361457334363534,-4.773963738116128,-1.130653175527434,9.482710010195625,5.517341865591288,3.1620780755703533,2.1045113700996154,-3.913986592271061
-3.331330882031464,11.237630990955656,-1.4700984582390144,0.7163407571771843,-2.1616973103157067,7.560060357687198,8.698488939479542,-1.0629456902958878,1.8294554020139557,-3.103937545667098
-3.913667075320235,9.552711109067046,4.3051373561410795,-0.04016284599513828,-0.5073671264688749,6.89244587671004,8.045974713961302,-3.0622174926131804,5.159660394076753,-2.2678978338921585
-2.8922253089218186,7.103712839709358,6.216188482219261,-3.506296686432939,0.3054041741231281,7.142346814150791,6.506485548821263,-2.0014796816384277,7.966563739721848,-1.6193503977641748
-1.3597651031978684,5.897497437023266,5.081039044833715,-5.477298632783715,0.4358605727821413,7.898558629573787,5.725110465524226,-0.24227138543559945,8.953405554806922,-1.3558273013129345
0.09684957547548911,5.9609137701362895,2.5782433660047035,-6.205059884257628,-1.0094700069277227,7.8959718668976,6.655945010167573,1.2217936906405655,8.680455221946088,-1.226890360890659
1.237665213318283,6.4578065647350655,-0.6664297494331297,-5.346655956205084,-3.2704158055044683,5.129213938669826,9.613349277794942,3.0108888034107,6.973564578168834,-1.1614671296072392
1.847321255164808,6.666510362060295,-3.0217792127528704,-1.8711497057380266,-3.768602793123587,0.3755834877717077,11.616473012189365,5.872344158464697,2.0404663759338124,-1.312272145876987
2.186801646547713,6.527194455755818,-2.8338487836460553,2.1868794239063765,-2.4901165190097356,-2.0586404253369617,10.450196656837287,6.025409212968886,-4.358917644276973,0.3389073243265539
4.567839491819499,5.775665626651463,-1.4274127286213343,4.566564843222686,-1.3478273186757814,-2.0276027234498506,9.075253607020832,2.9967030791885647,-6.687110749201457,1.9299396379140237
6.4078036143639725,5.05792545785127,-0.6095566235740273,5.672621849927051,-0.6008041593644133,-1.2247515557850503,8.795606710791406,-0.43493940476717263,-5.942371460100967,-0.07016615131599746
5.413816299992675,6.2335678376512345,0.3677194481827994,6.177133867269396,0.09585619227758399,-0.2248708818022304,8.989753662932788,-2.615705301486595,-2.6824411157278605,-2.4085443884436657
4.153044659830941,8.156913505454531,2.2436044670731654,5.687398014134884,0.4942021080155521,0.8455776613389269,8.997918712790323,-2.1574241682227964,1.327937556289566,-1.663696207241646
4.393093608774589,9.729695016296647,3.471655806371988,3.6359403985232763,0.6557826387462594,1.94075008847837,8.885418356670119,-0.06954033511503188,3.2142683727038666,0.6713211668573476
6.115722811025121,10.170630817799386,1.5599663666303618,1.8041369005437498,1.445194839452196,3.322580165754183,8.96600860302013,1.5246928133617441,3.314502037998524,2.9280423849526906
8.666354253550633,6.83485915892399,-2.1572560108157015,2.677226037199826,3.2276746489427466,5.400173700103047,8.785348709531512,1.3966658541356538,3.202607615780121,5.377270813204394
8.237738436388444,-1.2044970297573077,-2.6901229416606163,2.7957105670448934,6.611355004572481,7.97714733839378,6.088308787117757,-0.16363262653415,3.7230452672547276,8.537972434577739
0.8118961134330709,-5.451293950698664,-0.6309111176240509,1.8573890702883376,9.058172126851273,8.57666795030716,-0.6169659842357724,-0.4776731335420562,3.9129998527229444,10.69077793302325
-6.05344506982978,-0.7098843205028678,-1.0523031339539364,1.5608337653565842,10.381892054221169,3.7339059445032827,-5.458102674702588,1.0259914972709583,5.042027662344771,9.095590489856585
-6.8679091846691875,4.80396786504525,2.122612999797424,2.343419782058702,10.307923159403494,-2.780794212492371,-4.198217290402708,-0.8178926593080352,6.004566992326239,5.2427772520212566
-5.486285797299738,4.8351207303719965,7.679327835792722,4.696850640630453,6.871168183329307,-5.744856210659707,1.7330889577909745,-0.9168738343644822,5.705211935666983,3.049054211514669
-4.357415297574249,1.6516374079488703,11.166650316165828,4.994158652807273,-0.37254497377915907,-4.929713655430649,3.643387766257685,3.6532291052707664,5.758011577736679,0.26507853980376606
-2.191345150866754,-1.648630442225529,11.05261884808412,2.3424709734145126,-4.868855365336402,-3.132981524381645,1.0879729609028979,6.443497663857841,4.122785516723995,-2.998905207409476
0.7252370284128051,-1.4358828060797748,10.64048764857066,-0.21540870510637622,-4.751951265341338,-1.4242764953847595,-0.5530381450403598,6.867534710824352,2.2594106090784125,-4.008402096982273
2.1432222601909148,1.8606171577357153,10.440867331402355,-2.7969741773510193,-1.6861606170503243,-0.568086780242857,-0.4841851558241018,7.021049816306686,0.8898805434593209,-3.4630886137447825
2.0050804656756545,5.1887303273511876,8.307714608271544,-4.359313566720976,2.807934017702226,0.7444612366839797,0.44479383341666673,7.28437399635929,-0.18276279238759063,-2.3355589195329585
1.7507159177596874,7.071475157754664,4.786385945683138,-4.203128142732362,5.300881313969282,3.9451145190706276,1.91735958255996,7.167871583093269,-1.133123046706715,-0.8063176938340068
2.596743838643129,7.871227500933331,1.0230210957166685,-3.4550110779670895,4.680611095256957,7.756500684589693,3.3813549123795683,5.4996911514862985,-1.702177604073238,0.8321084497302403
4.532696602843944,7.224579781083212,-2.7138231519456903,-1.7724398839957123,2.64929341030761,10.264910371830172,4.115324072079317,1.9064253960000754,-1.4897979387425773,1.7538716913502597
6.305551000937558,4.351436578380306,-4.89905502824779,0.6535466177943163,2.7283011092818312,11.140237314752069,2.2868213696867734,-1.2404862109207349,-0.46346790793163695,2.065377000426362
7.143776512937306,0.08863703461488548,-4.694929005883433,0.7818972971690767,4.926341893699107,10.600336188916707,-2.2420117977749876,-0.26318567550710004,0.3168829336927566,2.7927723360430137
6.375228368461916,-3.527410396286609,-2.0067520206272915,-0.6940626833119045,5.437751361210524,8.646253109794314,-4.4631449522400635,3.65072596607073,2.5143492379604,3.9754306076674455
2.9359703567194533,-4.427057546490122,1.2650521554672811,0.16146536588822913,5.446743357169889,6.947141505272142,-3.5076121962107965,5.464691425538258,7.114504452578355,4.353695786521937
-0.03976316832738114,-3.2698975767012284,2.010580853871011,2.803822337220255,6.394479462541716,4.766306602340643,-2.4829493048312514,5.077959905761055,10.43367272051204,1.1418701583354975
1.9069057865612096,-1.8005717955066713,1.9240013317952083,5.224822389297639,7.100553794619337,1.1509823091553353,-1.9175925805981238,3.9089830271444628,11.039501726284433,-2.062761790509563
4.628200998806881,0.6035464330220238,2.511167961708541,7.136833677709774,5.47688250092798,-2.6999172247897074,-0.5311227677419167,3.0729741259184267,10.794993888538276,-0.8171691359565121
4.6895433679770555,2.6485768294068883,3.6918933475180054,7.830198553841486,1.0304237728866057,-3.9157053535668043,0.41586618365222083,3.9018264987165345,10.87620512857719,1.7143841093743208
3.59747532367736,4.2541686360073765,5.2641087374787485,5.9170387421049435,-3.225549911451666,-1.7468901590993433,-0.22610929770001478,4.6327835450934085,11.657134229543232,2.2549495283627383
3.0047187599540397,6.00143263086526,5.895008964755286,1.281996756015825,-4.171505238460122,0.7532882336677085,0.5193583396606387,5.106641373724582,12.326361097126465,1.1645599202468575
3.5745168980123974,7.863327592647098,3.423638120176758,-2.7790262375605694,-2.5182335534241114,0.9133812516518383,2.2891750035320566,7.053297867518631,11.282764235606086,-1.138570339337114
4.1802583546168846,9.36219163576645,-1.7907914193793046,-2.3813078773183767,-1.29705939492434,0.7647464782614902,3.7931566726303756,9.747995030628871,6.508166015950689,-3.914664026543189
1.6691336595735626,9.765792198294246,-3.7574310506359176,2.178539020884762,-0.2078336285554856,1.213145317073476,5.379141421052475,10.255359251003737,-1.9807392134089308,-3.9413845596914707
0.5810245260131128,9.781301754766035,0.5785498158193938,4.517721058420238,1.9602687614582812,2.2624606339542157,6.9921891464870365,6.0348028591550955,-7.202633457375643,1.230103465999252
5.201166142404753,9.812978165407733,2.6503800613878887,3.5978792448909096,3.067909831712175,3.7760085144854076,7.198769439061227,-0.7484993783423912,-6.832433768886085,1.9154030061847815
5.613504334303017,10.86732679723915,0.7216658954351531,3.121788519575488,4.600773634647239,5.321232030732664,4.1958653677186355,-5.367575860928403,-3.185294908475554,-1.8284281995087144
3.379574565498455,11.851571484922179,0.4594232421770076,3.5942841257640796,6.700091734766575,4.712992690893127,-0.9107725932988129,-5.049977094711137,0.07962123605405202,-1.958795740873433
2.637537976418333,12.372612266016652,2.30991619302494,3.597255118550469,7.575717294881977,0.9518169375319048,-3.0853746599693292,-3.1200028030326474,0.6258106770312996,-0.5259189954866086
3.5455681685274634,12.944562188912615,3.2867699695399253,2.627125345856867,6.688404693235723,-1.9731584169257759,-1.1571510707702612,-2.155697099428227,0.8986579935850296,0.864148658788682
6.002867078119938,12.882972184758906,0.7212876099855194,1.847758470089087,6.097084628009115,-1.946261293991765,1.5238250385987693,-0.9015404126033807,1.546539097756311,2.4560456711365033
9.391824429065267,8.575070243821544,-3.99174470797482,3.2630442223897598,6.623693099663141,-0.8166727061755515,3.1551603309975618,0.9020900144496463,2.3581601873827527,4.621159437327092
9.54480125550918,-1.8327162233158107,-4.855470902836794,1.9203575244809121,8.334588543443484,0.6161030394382865,3.9257033923781712,2.8413493179459994,3.5455346401311942,7.369423870376854
1.567532969149986,-7.206567171357035,-0.586162930403511,-0.6898215025104453,8.589484490786077,4.46499320080093,3.396407255408689,4.298446205077977,5.741629797658071,8.484196114016605
-5.658944484283468,-4.040792845576709,-0.7131707009337902,-0.10452100024718243,8.518196280583417,7.41992680814137,1.8110605513679618,5.050702803558025,7.874000615854617,3.5375836738450666
-3.8590119820102755,-2.282033537370765,-1.1192489010095203,-0.2656871005705336,8.513703873293979,8.55141026131725,0.10178427979351234,5.523146791381635,7.367108847598927,-3.8776849040272507
1.8120890039923783,-1.3977971643992324,-0.23828508781326863,-0.05271128127098748,8.440260192257815,8.409565058800531,-1.1357674586206958,6.110342188879773,4.797139147631469,-6.593813208621103
4.594274358845523,1.9917790903849766,0.6392678107996161,1.1261815962873967,8.922663178723786,6.97041477670099,-1.596702835121043,7.079694582041096,2.1747066185190196,-6.0264278038484935
3.7623065064233754,5.296269614502203,0.63762068407415,2.3150100484316587,9.842578915517876,4.279645886905833,-1.464871627106092,8.046588127886745,0.137371434504574,-4.803174761343353
1.793282487417483,7.052377259740336,1.6365927308219903,3.3987485486333195,10.256345537475225,0.9256798789054437,-0.815894410488425,8.601330487686846,-1.1412574664530342,-3.054217621680409
0.9583995103904,7.892982448791037,4.453923961775936,4.5939644411081835,8.768170187113178,-2.194443396676098,0.24352164522448755,8.776402780645046,-1.445143652311256,-0.8254287894990937
1.9924934140986053,8.867589817864115,7.584770405292698,4.118074319172577,4.778306479600403,-3.748842753051652,0.5076848477633619,8.998545027618999,-0.6299003308667933,1.0280436352750733
4.0638111620419775,10.767243111422005,6.9357060059897835,-0.048427278430215104,2.873384634398237,-3.1854006509772956,-0.5281250538048954,9.080880812487981,1.6508322204589203,1.6783819026146125
5.875611265354844,11.663078371464234,0.03420012966022945,-1.9538932314978774,4.3199879710791675,-1.6564617350989455,-0.7911449486263586,8.758066791476482,4.425199640537718,1.3728106975625969
6.842059442574891,8.582315006700002,-6.09864345269808,0.9515427050954017,4.879574829320295,-0.49202860373150514,-0.14107011586836787,8.572740563506422,6.351959081469428,1.065975722496056
7.069964538006634,3.344537271870583,-7.514319728024581,1.9240516383103943,6.57025702642453,-0.34256709363372334,0.7112000473756637,8.916191946437193,7.242510965548185,0.807295264799788
7.071519649542294,-1.1318989515468358,-6.305003834095711,-1.4417068081569355,7.183536403699693,1.1577897010796725,1.6355713794062785,9.781743479573715,6.909789685583606,0.12483195297680266
7.568653418374392,-2.9742439654114206,-2.383818862473724,-4.076844846644426,5.199286700492656,5.2832255544099365,3.666304535938533,10.353154560436874,4.5183106560117485,-0.5616413573844188
8.001619696812666,-1.594704101799,1.5338718419550024,-2.979851918832369,2.952127628773055,9.265917261726795,8.004919032050145,7.097858330633003,-0.33257845091700355,0.0018395668662666287
8.214464280160875,1.1702579546368423,2.6072315064059888,-1.1949362437132796,2.042599312711189,11.787744854355967,7.8524138958751495,-2.7740838351689243,-1.1762028310364936,0.05819422698775256
8.485884465640234,3.1636273974109743,1.2614361160476535,-0.1813247467275187,2.189625230390841,12.476688445951782,-0.6663695885176244,-6.011439382586151,1.2992646247895587,1.6779020746604525
9.17121872070793,1.944414865812651,-0.14810017350014368,0.7571191395881132,3.2537090599278646,11.02386324903151,-6.55645042962114,0.13661185342521742,0.2526909038837195,3.233251844047343
8.632789115030844,-0.7680018500753467,0.32857300025617187,1.6248052410978508,4.963582575628512,7.9591088723531005,-5.631926839538512,5.731184171215728,4.635522720032613,4.749374401545286
3.7320382958310883,-2.3812596161144213,1.8817867134879993,3.3112385849370964,6.491477605855896,4.2713670702227695,-3.9832043589338726,5.4766103396581896,10.862089821174122,5.422817998302039
-1.1103772292139586,-1.4965706208816987,1.9992427554375296,5.655799816000441,6.701281951743957,-0.3989588606323302,-3.042316586054242,2.335389202271167,13.734403356197223,2.025973812144134
-0.9466207581211274,-0.5661881980561821,2.0243768274928207,7.313802400162348,4.185530617834587,-4.01915188096734,-0.6838630732983261,0.09897109782997104,13.6846520397525,-0.11087185433241817
0.3587406132150872,0.3785394639715563,2.699536682220713,8.00435197106248,-0.20007972119347706,-4.133277907763599,0.8936629691174356,1.625129046034505,13.27761933000852,-0.35887268887658336
2.154105143426915,1.7998033512645712,4.001112568486044,7.120428460375532,-3.803012103873286,-1.333140065693999,0.538747825701875,3.53146115114255,12.571348856145146,-1.1914632418701339
4.054212141750972,4.42229971955011,5.198849063154244,3.9706197274126773,-4.87428351027397,1.7680981057427845,1.8404418219544993,5.178573665827792,11.357382488436686,-1.4219950808009703
5.1814922942874055,7.845129626409937,3.751408641748483,-0.3255220897004256,-3.9560718097409646,1.908117456179499,4.8393116268151575,8.05752534192486,8.024405850974398,-2.0389154077438967
4.512562391752938,9.933064333409789,-1.030239815472057,-0.9370362242899671,-2.6203334773858407,0.5151484461011229,6.735479517224635,10.069178571970799,0.6607132217323164,-2.590641684304816
3.4202309507468494,9.663147391651131,-2.7221989228011445,2.7130752144446437,-1.1813848268622693,0.2139350055066649,7.3033960355909295,7.780827921056488,-5.986725337376943,0.2042019779320745
6.0605728342661305,8.122324941481446,-1.8328912898354888,5.379523248790932,1.0308616504175407,1.0766104913238468,7.806375780074155,2.4170084876146114,-7.585017399346696,1.431813547811096
6.129761434351794,7.539667805043563,-1.055962866344411,6.58440530325241,3.7359791174270756,2.277138846534673,7.4648349084209995,-3.1560120725158827,-5.331088051936105,-2.261509299984154
3.157385139508046,9.17531642570165,1.8065009977347275,6.871713924674203,5.948365158144528,2.7991273036780173,5.26255492911754,-5.1740713985698825,0.35544835151138576,-3.330482738175437
2.3396521712690745,10.703849118242982,6.268289464285787,5.511598694593568,5.415588522492983,2.185203795619226,3.1847142722575286,-3.7990549380380543,4.0051861315960995,-0.4242680120589055
3.9817653779423052,12.273841248875152,7.096503039498148,1.1519593866756517,4.1931321895626805,2.5398670890567865,2.274058171834358,-1.8741082110211527,4.991485327036637,3.1162837562757484
7.979016093727182,11.08812290646044,-0.028596929334667287,-1.084307954096472,4.619750462651165,4.232463283312553,1.258803214514002,-0.43264995837751985,5.185267168788193,7.150088889336907
8.207863686901117,-0.2329030830798695,-4.498471482014552,-0.06802603635035541,4.952367054692333,5.18555371913372,-0.025970455515404445,0.5975625319740603,5.787870845535068,12.038152772773115
-4.128159723518646,-3.0989702779787462,-2.2527077195820393,-1.5782605240535994,4.686578770248942,5.796467994417261,-1.090533139469497,1.4183917477642354,7.5437724525387875,12.482278588492894
-9.168584425921418,5.386553098592331,0.2119716731167876,-1.0549487835251268,4.12574826444339,6.240944703754478,-1.5571474440242365,1.901787499394171,9.397541233806463,4.466808019537949
-7.009685657488646,3.414960074960253,5.093470684113494,-0.19759578204685097,4.450848984731574,6.183597588442158,-1.775423643682059,2.1256547436357254,9.689251058717309,-4.643229159233899
0.3738356029668122,-0.14142324135680034,6.1015764040841916,2.9103865457253075,4.9287266765143345,5.143773350374228,-2.0412128340699125,2.2542651578552313,8.609133118581896,-8.389579080647596
5.517647065387033,5.3731392743993815,6.511758340004765,5.122299776294625,4.362585923316703,2.703200229068047,-1.855916927315043,2.2073254955685457,7.604436894891622,-5.667168762736895
5.73769995863329,11.197760597817226,5.426653832661602,2.7127970585872583,3.162235589149696,1.39376533439228,-1.005464505206103,2.1858570159174713,7.392555445144515,-1.621914435462973
6.282752142391423,12.693148827877337,0.4487572253584613,0.6816172991110455,3.509735653168167,1.652948757829904,-0.07976746488749203,2.624997051246858,7.821542805568446,2.010366271841586
7.420874128263618,8.203337664576209,-4.2541249584730405,2.8397220837389643,4.863965396056895,1.9263850741855049,0.6995228874329775,3.538517976964182,9.105407044650713,5.910591018158336
3.3615629238844345,1.575253125577321,-4.323856239599818,2.804733348022502,7.252436310451609,1.4491116603508374,1.2846239260742707,4.999544814874374,11.779932318099512,7.9315963342863816
-1.584074365945756,1.8935085897196957,-2.722647145681033,1.258274134409836,8.475930671621773,1.9974839825512067,1.828186861895701,7.17638588899606,13.49738543841196,0.7067694070264928
2.5946083772082185,3.039839969747336,-1.3641166923660557,0.9117065055419719,9.070815259955905,3.7218948636413494,2.4902971906919897,9.166407193986046,8.13408861712399,-7.3482282810325525
2.406822267332511,5.815111468184753,-1.2428400003739477,1.179396432465207,9.760377718928105,5.964855226041928,3.11882819926217,8.7725207282005,-1.2204930121155533,-7.591088941703564
-2.1493456051407476,6.2558073512154495,0.7872495441060865,1.8485777645099217,10.809326362688461,7.5588237712491075,1.821921231700766,6.05490879647501,-6.043176952170102,-2.7738824518505396
-0.8516703692401904,6.123566336192203,4.448340237698941,3.971399466352695,11.712662609414854,5.083677837337226,-1.0225149688632758,5.991512060458809,-4.572790516458191,2.6458764086634603
3.375700344200526,6.806713504778045,7.589030300277029,7.076062308569116,8.986952806980227,-1.513851094955053,-0.9026605742325787,6.88087006222077,0.0687736540845143,4.623553403080829
6.457200143028514,9.010532998904809,8.998078757797158,5.008087521746038,1.3944257865287266,-4.083252931676691,-0.6211467305199423,6.917947911017442,4.469914199621127,4.819707954361295
8.385345198401069,10.121575343975293,3.3923165119781364,-0.8123135548137198,0.23847801204125918,-2.8317466641300477,-1.7223213087484655,5.95598737032494,9.044173306808414,6.073895865863203
5.475348871861551,4.556101662455266,-2.2561321890728925,0.006845907683737967,1.36001356267209,-1.6999711010637675,-1.516381023988397,4.12508324404994,13.60828343438094,9.273505836911083
-3.3231966532387567,3.947900386648688,-1.1278364429403154,1.2772959379423454,2.2280739165430705,-0.8969860407560295,-0.6293415263920591,2.9818449870964994,16.370090813426547,5.274481267284652
-2.0317850228116816,4.4215322528671,2.2749068139030237,1.989086728640998,2.7522809109214985,-0.30118744365614897,0.35219574407702026,3.437934162754206,15.731529754916336,-4.791168070480451
4.7804203083277965,6.631789475057715,3.113072544014562,2.11840033665469,2.8368807685617483,0.3322080281385527,1.279758870878164,5.134156233805024,12.137658779676283,-6.999280578544536
5.667476344070431,11.398449086999971,0.3241016883425194,1.8384216470090458,3.3024185444741407,1.230189373809346,2.347282042059281,7.081062671361216,7.2274488714681855,-5.695676041110246
1.6783842894537626,13.164881874021438,-0.485828791900927,3.1470051103810386,4.519281915209795,2.2774941570238463,3.7182763750640984,7.992924153759623,1.1595066727527379,-5.471254166080039
-3.431561563557948,11.985876563876454,5.653776937949228,2.209170281038288,5.267801414241522,3.6681761784253175,4.9234544989862,6.164025899897005,-4.087294269233912,-2.397650992841464
-2.046377725028213,9.193179212906303,9.969951535256948,-0.9956128047558817,5.587447789627093,6.574376863956685,4.677177914991392,1.8344991860597166,-4.806367743729731,2.1204584951044803
2.559565671005066,9.352552232756832,8.028414205253505,-2.7167356615795484,6.1628539119286465,9.641432025362452,0.5052441975317339,-0.7452885322970944,-3.5020654511229985,2.877921285251874
6.460481879331228,10.121670775057629,0.7812848980694105,-3.2785304045034627,4.828074969091073,10.370363161883235,-3.5328340736308403,2.686567806843932,-1.8548406259730592,2.4780364298058193
8.934667944872714,5.442804940653274,-6.305169867306242,-0.6604369493689732,2.7295502620280807,10.133149937502036,-1.049980349119319,6.157971623033088,1.7123720298840177,3.1397818810771247
8.168386165399877,-3.0387077422419186,-5.709182357671513,-0.7789744326306239,3.0355336016977192,10.539389833263055,3.191093222520586,5.766743801648378,4.062321554879589,4.583689062984873
3.335310841580371,-6.6281027075034835,-0.37316415998694463,-1.8961020483182813,1.493926705452016,11.869782668105698,6.2303638694936865,3.0794855168495783,4.839602785616344,5.6792601713000295
-2.2183310144965454,-5.319018045992454,1.5686897961980186,-0.07193550005148852,1.1582392313130825,12.531733336617542,6.483861970640801,-0.8992113645935791,5.240945021100827,5.786223148746068
-5.900677782710795,-2.0505578353163845,0.6679816052548044,1.5100274121687953,2.908757713450863,12.862912631131998,1.757296818661258,-2.9735437887566594,5.400208513045657,5.125429649818665
-6.623557386526465,1.297203645812319,1.4308601022041971,2.674677031049674,5.811700572133392,10.807009305120346,-4.962992256930251,-0.5911989124363117,4.689397823285737,3.5312993373352004
-5.699074085148605,1.8321456097828066,3.9879369700281924,4.722238243284202,7.7180322688060405,3.6810115529084744,-7.864181174358667,1.7517118313506963,6.095767252357872,0.5078840794057213
-3.6842289473091503,0.011562068708886653,5.539434836899355,7.870556322959752,4.273504170761681,-4.166978099568973,-5.671953401465964,-2.294132213155181,6.633884172758981,-1.5806425448002597
-1.8540941258198382,-0.6596863297613588,5.460160928279951,8.4870753728698,-3.374048662570062,-3.3325010202580616,-2.2587400127256974,-4.969363766038658,5.883947286120991,0.33447248543315977
-1.6376780490551444,-0.22916605306029603,5.4704120944483074,6.1040331633063225,-6.316705490607642,2.456988855531814,-0.9521268918699408,-4.481941528606258,4.754526743998059,2.899803771651615
-1.9943306801954104,0.41208393551342865,5.945428941287138,3.200121954521999,-5.357019093184804,5.832662543431841,1.0214879229172595,-3.170219663388305,3.8919110715835052,4.3905929009864675
-2.241485246360485,1.0269464609738792,6.599082697604699,0.6648558609711406,-3.903871926701936,6.198499458555831,2.981119383589281,-2.3993114898759274,3.7536362824518106,5.138583053703057
-2.3830180428837564,1.5433591978899754,7.147946905505571,-1.4003629686824828,-2.5122062828590894,5.340827384849006,4.239646794678729,-1.8874679024804464,4.000186781229846,5.538008255663868
-2.5084110061446117,1.9451098934748985,7.4653825106099125,-2.712459535807953,-0.8269553181054307,4.728212351620243,4.8756842262340365,-1.0803103563436918,4.4251645966998465,5.583594644222267
-2.6492764313649015,2.1794169151299894,7.63878716911984,-2.933075220409605,0.9388159765352402,5.303615569016616,5.042338833327346,-0.1352166930108349,4.9288579759497155,5.112961150008281
-2.767709457144335,2.1220514464395257,7.889699281472284,-2.095528378998938,2.22389389988109,6.910106164810332,4.666671608496139,0.415396786030455,5.404146030476389,4.143222623900545
-2.7906197348315853,1.6593549797427685,8.357698973183021,-0.37636407701021835,3.019278598739529,8.564852149450042,3.546189898583147,0.4761163078685168,5.813673111185062,2.9576881566438225
-2.627145842183735,0.8197282306752292,8.93271490321446,2.360000334044076,3.7181980591362636,9.232698188777864,1.7011262946385428,0.6250751153643487,6.198401212377418,1.773549894969384
-2.07545762713757,-0.11544381261213194,9.218562618012445,6.273081716366574,4.121998411821652,7.94329381465805,-0.06090286907194742,1.3270585682392597,6.60000511983796,0.5250438415709235
-0.8413575728325028,-0.4696081220635186,8.927667402861395,10.062238385561983,2.5817388454354755,5.232682109195374,-0.2928234548898024,2.1390506285361592,6.956562825141976,-0.6841786014066491
0.9057832907315646,0.5673313153146197,8.93873287385221,10.810118570513865,-0.9441552398392354,4.852009799119665,1.4512005574741191,2.9826049852991408,6.865275368645657,-1.3329713599708422
2.369093476376499,3.249418604999501,10.221940574272693,6.97697966660064,-3.245762143759787,6.505626980310537,5.438404156415323,3.7490020451595183,5.613056872298563,-1.3117022090155996
3.0644741632041357,6.924378671787838,10.04829680087929,-1.2986875348292268,-3.134332009693102,5.235955008561066,9.975777272234627,2.9154530137644326,3.1245522419596634,-0.5533805471693027
3.7944969761088427,9.458885655892306,3.2380938813556694,-7.189305850874394,-0.5745830229946316,3.165693730676634,11.558627587172527,1.725729794419307,1.3981448975523416,0.646923089969853
5.354402257175944,8.14510754140515,-5.632423612370191,-3.9776005685025395,-2.015372109459847,2.085456634405997,11.974429749692527,0.6247737967228753,1.121905746767754,1.9062028006987624
6.804228791107827,2.451803947267463,-7.803287306374858,2.481751491053255,-1.1420939984513383,0.40226650498970257,12.0755334929225,1.7025495873663243,1.0706262093467076,3.2555618609867647
6.52248829619387,-3.8295494738234677,-5.7878559018655835,2.3828727493864235,2.1339903930847175,1.8187672557446386,11.980816870334047,2.2230361596500052,0.19073121053851694,4.184354646070065
4.320586448776544,-6.971698977149423,-1.7964678133629772,0.020540438540431326,3.6128294376747143,5.702051518713964,10.903764306050581,-0.9245039758625351,0.45372015378262937,4.795770681423212
0.5482486351918356,-6.7179509173266,0.899454473496288,0.8494079379426277,4.376474057963074,9.233030543605578,5.468329644582082,-4.975532063796772,2.127915898063614,6.048583662368037
-3.019931338276291,-4.225491227492792,0.1301432415757744,2.433116414190383,6.376214656007196,8.707725932534144,-3.462498670444193,-4.119619918258509,0.13945072939220626,7.0107961266445304
-2.8708593706736427,-0.6036595804608074,-0.2544634369380506,2.9319159461064355,8.288423179851153,2.482687913268118,-7.354203155683039,0.9261581184109122,-0.5692274091681191,7.45329494761893
-1.7064931328161446,1.9523792950204624,1.1465666217497092,3.8224961464629352,7.86864601439734,-4.558086906010573,-4.824335292433586,0.6340895451798205,2.1228351517489084,7.4309215867409515
-0.47836132058675696,3.2849831422763347,3.442243227548884,5.097113140360335,4.316765993748728,-7.263851140552586,0.41203022926056754,-0.12744362961896216,2.8247245471662628,7.437126054947391
0.7172331486122941,3.8990775971871847,5.75694690826549,4.600978996948519,-0.765011315210802,-6.263680867688443,1.8135448505593428,2.3915568055739636,4.069913630577443,7.387283373892695
0.878527108383139,4.4419358736136845,6.9690394992026485,1.0554189745229254,-3.1068249220004303,-4.265435724911653,-0.20431933524627022,3.9579852904358654,6.618746258083497,6.364736594305209
0.12366909127153758,5.036794645566803,6.551699184392419,-2.710472064202538,-0.9152741385178687,-2.87853750881282,-1.3051474667572034,3.5105542080652983,9.227383951635026,4.166040335119585
-0.21005034781957174,5.469708514443587,5.161055050316278,-3.917040573098018,2.8209157187789042,-1.3620396003125803,-0.7152813740637066,2.8431961899984537,10.493122625848647,1.6571420692639447
0.510594445874966,5.9306767008989,3.6019739793341925,-3.253004729135484,5.10717895346265,1.1014706006468624,0.28784487691526284,3.3225597825773887,10.632741719110077,-0.5097946839681188
1.9165151768144966,6.789004428960103,1.8488508714244913,-2.2014092884815764,5.686855862948012,3.6820248726048432,0.8384784872855382,4.389722981534532,9.827246838349874,-2.1119960372193938
3.078958016027192,7.903376826143407,-0.3503010814941412,-1.1433362741899782,5.48976964914283,5.76623519101099,1.4066706589860485,5.349450562528295,8.106951615133394,-2.9669288290157914
3.293559061666626,8.642267414217397,-2.308400638219535,0.31443106246553876,5.620963548405996,7.372318145897907,2.339342237527725,5.807246564336407,5.57818366029755,-3.278503876153829
2.5152770891038467,8.9322119780354,-2.6601245755831657,1.8705279335239702,7.211518297504982,8.47309627989171,2.5314859251424724,5.255953020473708,2.8983701036207385,-3.059796716791966
1.4171940479550202,9.163393618518874,-1.0743862550096936,2.7728312084054028,9.825296592099157,7.920109118526995,0.3362687681536649,4.748817011604993,1.5432345445683624,-2.38782598340064
0.7134434824938904,9.461323790937332,1.8547877180254013,3.540682675654527,11.524504506488745,3.757002886600127,-2.0421807488653947,5.614082971088517,1.8703139172959968,-1.8386574857416174
0.337478411744527,9.777339887990252,5.939264898409352,4.650794394105205,10.059969130004339,-2.079557287612086,-1.3291190377928785,5.768936307668218,2.71257253473587,-1.892664514620202
-0.1493333692312926,9.890371780238977,10.30465995855845,3.2181273551637295,5.1706097612525905,-4.480333609555218,0.300414817469959,5.97739421072709,2.4714971559505616,-2.2139571338974227
-0.8618254367092295,9.247128271763476,11.323452775335081,-1.8586660590729587,4.726177530891804,-3.2044469850110913,0.4580221302549512,6.58689657787808,1.5618850899633183,-2.353755979350007
-1.4212297079671155,7.890735075091879,9.882867837751544,-2.7271715160449834,8.419457796317003,0.38956730513184157,1.2425525699291482,7.076855526539703,0.39405975660078685,-1.9286912993509007
-1.2763466350539012,6.584464021519575,9.941960950946212,0.3984715029585506,9.577428613016851,3.7497128757884775,1.5652110382233224,6.988518874055043,-0.6021738474403191,-0.6485296045699569
-0.1264315848013442,6.1359177598085655,11.815845820610615,4.142599875181704,8.004768824632158,3.6285029324123412,1.5205576822008464,6.618011457418567,-0.4850980632476066,0.822837633528304
1.7099244727405711,7.36960763728213,14.014390391791913,3.7997939030901837,3.827177158890149,2.673887283980684,2.4549831520377596,6.385334256295697,0.17478450619197888,1.7868728583916875
4.257554909855551,10.697221424077872,11.375952537058277,-2.964397833044592,3.6285947700473176,4.175806825778907,4.093060717286312,5.824818719116209,0.44255207292863435,2.463700466134854
7.894042174795457,11.75922538025701,-1.400226169158806,-5.579349956705185,3.4383386225446873,8.682705304302466,4.953629776637387,3.580540869855582,0.5233651192825065,3.233779331413235
10.435257385912962,1.7906123925489974,-9.49940420108681,-0.28832408969834883,-0.07135613853510303,9.80092139973257,5.927255158988119,-0.3873669994977896,1.162337669641096,4.507304182167141
6.966533827248599,-8.956160013987946,-3.540880973317022,-1.9425160813421742,-0.1748962049761196,9.89245523922214,4.150590560530325,-3.549186992586146,1.827864585640539,6.766564031929667
-0.9033220133771507,-9.543455054186088,2.1464502656523776,-0.6862936821751123,-0.8485918586364,9.612238121711105,1.496449357241984,-4.45721469509131,0.6599741555905715,8.091868929776618
-5.465518422337584,-5.17069680665807,0.05395119922906305,1.3248477448070808,0.6318116460350901,9.602392789053189,-1.151085080925418,-3.17583990456328,-1.505408970513574,8.362424799757356
-3.9637602210454927,0.8170759655249782,-0.3499709521464458,1.974521498430081,3.0821871169600388,8.902517622565778,-3.038692796870855,0.4969952881314528,-1.84718469245033,9.229761069160467
-0.31656330721426107,3.3892253725395265,1.5924169934906742,2.8433794215671027,5.368918053757723,6.6804497082084495,-3.240291740929192,3.8773562889269506,2.193155143775063,9.36548962767812
-0.3798338589139564,4.022509623409251,3.625937053438421,4.122818406296877,6.54862729862619,3.223785256344191,-2.7724555379852647,4.461812851059463,7.762550727276711,7.241599302859773
-1.8537504348965197,4.499431537858026,6.7634796277994225,5.481318444490449,5.04926009981748,-0.31305548385627757,-1.842542281277223,3.186920517676269,10.783957994939081,2.853910374829758
-1.136059540644864,3.7954546275549763,9.915934517292584,4.765958558142482,0.6168262003893794,-1.2227984027990764,-0.7198737215865475,2.4123583699836133,11.229521065147104,-1.1196834997872356
1.3322225649200414,4.525001098253908,10.89273902621745,0.38303488388820073,-1.4888558225169746,0.020726452236105808,0.1300646745359148,2.7869386575089568,10.67297026100676,-2.630971136644969
3.1575024937569673,7.803873174465854,7.884109546736406,-4.623960528457198,1.5286408310835666,1.0546478723212456,1.2221998657226416,4.0756307303929775,9.560054506911971,-2.3969473094623623
3.690627660684309,10.14278346085781,0.07222225504080271,-5.696870245909518,3.171475053441446,3.960064097279318,2.5290637356406167,5.68919736538762,7.637801311037597,-2.3581564078276993
3.2971712751669076,9.781780477179982,-6.1989940926446785,-1.2769532197771727,0.8459040077109989,5.968181251506451,5.380423481310686,6.278313678439497,4.14672931692118,-2.6378777559345465
2.296672412380361,8.738930910920232,-5.530910520714113,4.276388521412404,4.0280600690332475,7.183557201918677,7.836918154566583,3.4812137261240705,0.08846358533289343,-1.9377590103360633
1.8932019882372328,8.430533858321427,-1.5181950321655635,5.471446541479381,10.149610881941525,7.938975632369316,3.354410739960783,-0.6996880745550262,0.06999244769002921,-0.8212963387562311
2.4856832873479933,8.748433999581046,2.4937988779718236,6.148810733597102,12.656214095399806,1.3530190213973587,-2.2197196201950637,0.03425867339449856,1.0708667524954973,0.3622692552507443
3.951326419235186,9.944845955002425,6.37496751093259,6.9389814790992,7.583682574173852,-5.669786219221893,1.424457458605423,0.8930514567313091,1.9720714907505332,1.6895207899065934
6.556309682060004,12.239604832033383,6.50015580238822,2.3679844280630675,1.5139019131410558,-5.358768415505724,3.1592859347679956,3.9294645773528862,2.6498913721659623,3.101069467691188
10.14962018327151,10.598126554758206,-2.208135110397884,0.43033738983676856,1.8022500434644233,-3.5980156660049416,2.2025808670645652,6.472882543272997,3.9981611549911764,4.707642317500199
9.770307885397727,-0.46269735939413126,-5.764714872512549,2.443612236865568,3.034308708336736,-2.339061987745959,1.5554921088392022,8.264796058605093,7.437241569155945,6.878079034176484
1.8177212339546482,-5.593996846756779,-2.7498264956879326,0.20731677193419729,4.035850335506685,-1.098506681489091,1.4379968666772773,10.025575902060947,11.746351499306913,3.654112990370408
4.157088506311224,-3.9500106551552663,-0.5659932072395074,-0.3995020572589603,4.562776141790248,0.7802936049091922,2.1557584221952806,11.796679929320204,8.330663132128082,-5.2394894459917545
7.303921658825113,1.6285232720349756,1.1827585778080534,0.8761703805062401,5.1081996551677245,2.993200679480562,4.197956456377532,11.801376913504079,-2.0864296779892655,-5.728423964353119
4.054158501898845,5.140685315832883,0.6152069149508065,1.9023685210341852,6.073886656493063,5.754470423094321,6.191539069273821,5.928749424283386,-9.364420696881337,-2.0840544113059836
2.115789261423867,6.320618577757022,1.1090884845171076,2.757791957239716,7.865987860171588,7.90955029332992,2.7800860139763284,-1.6977379983050636,-8.736450894839411,-2.287248182630224
-0.9825889959716697,6.849287138979727,3.735144689775522,3.912499655895853,9.466057747826431,4.711743786549395,-3.2922233325375223,0.03317720012632977,-6.540890973951155,-2.6744685756375497
-1.4097893210580452,6.079956076453564,8.275381304926805,5.756954597498985,7.152192315921296,-1.8923895022537054,-3.1369388363170434,3.3744405027729774,-4.420952210025285,0.3635015628992342
1.0072950246889567,6.242741737862504,11.669330065250241,3.767096071070666,0.5180545613595662,-3.684498535179883,-2.0010749566854273,3.9739429192997595,-1.621137651584008,2.4917028859507955
3.9221973197217426,8.510167014096972,9.630545673428745,-3.4849293968567085,1.1567340731422362,-2.327141120982062,-2.016829995208754,3.975058127556631,1.3960666164217792,3.289327063694222
6.791605824475296,9.189659843791302,0.37812388033618216,-5.34470826772875,4.971481764903019,0.10668768884638391,-0.9997603507324556,3.9481148692946957,4.197764945000044,4.39373904411711
7.323258360660488,2.675664577858081,-6.0044918949349695,-3.4551934192882046,3.4643506373681365,2.687616375808134,0.04077653880600768,4.338377488752815,7.1050810833038645,6.745567688992926
1.0626479653555676,-2.2761604517345724,-4.250421912358064,-3.62857296990122,1.1269588170964764,4.276760029701904,1.8725318473417605,5.3253001256414505,10.277607194807697,6.719831921718331
-1.9916109391656558,-0.4878112008315461,-2.5601467888174825,-2.881409812385888,-0.5927014385001814,4.886532309921797,5.466497168423342,7.7614884554556385,9.851436936478361,-0.8896156585585919
0.8029395028475835,0.5597503870986604,-1.3854915548355007,-1.4945874569945854,-0.987131589593201,4.497212014865726,10.185242014626937,8.238965360973808,0.267339727123748,-4.82959341872055
0.19321193241215784,1.616538749414546,-0.4389449314036767,-0.2440824516711192,-0.36609549008071035,4.159869546839401,12.25957612429498,-0.4701363750036327,-5.144604824004844,-2.4471516451571995
0.2076131044193093,2.428477430485649,0.6003194160762135,0.7188323103045678,0.7292344448575836,4.8630916419854575,10.065223633013167,-6.684761500909884,1.9519172810078627,-1.8006231024676986
0.889287038134885,3.1786159777678598,1.6133797043327216,1.453694437097816,2.0786127022345666,6.222393503558867,5.999760104547322,-5.3764951079704435,7.455385876636679,2.844508976481223
-0.28865487520908384,3.745828583250405,2.884778831374329,2.150595931678358,3.6096777071112847,7.073810492108632,1.7454435575869414,-3.548865765235549,7.257857178271038,6.989359628579372
-0.8697368564156758,4.632634102768032,4.887538601858296,2.9552099444329363,4.911842936437453,6.126236840021758,-2.117431655029857,-2.2131741418092536,5.317985702020673,8.578149523666617
0.5533691163196204,5.238587650758969,7.0943205951496955,3.6750387778997213,4.959527131317552,3.274001469057337,-4.000199899117698,-1.002538984641804,3.986238052606375,9.259114154956332
2.943184993963916,5.396074716916773,8.356720743058728,3.420653251913433,3.3588118726507314,0.8421001295682176,-3.6039823310326526,-0.6408452908349509,3.580756655162478,10.208695216271913
5.369472180336981,4.695023490596327,7.797519363401305,1.9976925189494197,1.9707561342141937,0.29184010783910386,-2.445285446730667,-0.5015500744569313,3.407567626164053,11.777603406420548
5.796175415643363,2.0308654299324305,6.601603190600805,1.5802150282843455,1.7009530531028667,0.6195147209979581,-1.3444125353459113,-0.044451938665992174,3.6273042845813155,13.65246115586188
1.5187995136632706,-0.13321264087653661,6.710480317203813,2.943125128925997,1.3016663520648974,1.0660399674511627,-0.3624533427428027,0.6579410770139307,4.661842996179077,14.70034505317489
-4.4004915984635895,1.8036654782291692,7.407528089426323,3.7555083937910436,0.23817019328291922,1.6578565639269895,0.6743152030266705,1.61843631003648,6.620324026837371,12.682494350538791
-7.4984271822241535,2.940857274160161,10.148556279747712,1.6985575512752096,-0.6423582064596958,2.46944233982692,2.0947811854867364,3.1584152842703643,8.697200170667902,6.049342203100034
-6.366789033305335,-3.1640579872815326,10.44868394466814,1.6131280688033238,-0.4408048446191881,3.0836242931157476,4.151114534262815,5.520510073348426,7.824350159323268,-3.381310245963815
0.7159995934353145,-5.752179319694988,7.003256030558312,6.161212351375068,-1.308879328239183,3.6342191129664294,7.011149679655319,6.517637895674556,1.1244354405504808,-6.5894978314910295
2.6467344520456875,-1.8655715778174338,5.409897011719315,7.877001470733417,-1.6856497019852423,4.061822874988773,9.578970379304009,1.849019964782082,-4.252335872361135,-4.785307837558134
2.006252904084893,1.4548783121019686,5.801781501006534,7.291431312392019,-1.5059761961121374,4.310835272120003,9.605864631098585,-4.267763545977049,-0.732509333499324,-4.396338406169965
2.642231140932148,4.30126213522339,7.223494560164127,4.7480555719783775,-1.6351245352491819,4.449018800698026,8.282243395810939,-4.32141255948904,5.779958800251515,-1.103057464826307
3.105852041429611,6.493791252885593,7.178883464892397,0.23352149443011916,-1.2618184840367697,4.180357162358694,7.987457336859691,-0.7723198319423328,7.968688805388245,3.743634249893246
3.269534557366951,7.07211631339494,4.221609737932442,-3.064037346719616,0.018326996938287418,4.196460746478067,8.938148209737427,3.342027899019775,7.770321581677525,5.740515583672428
3.772902916611457,6.231591461380907,0.3731648735502775,-3.2259164121687927,0.19161419948923256,5.05767318165142,11.148860178650335,6.1710455646099565,5.837249389588436,5.172231707522371
5.022849463675804,4.095219901518437,-2.108233274203572,-1.460951956884075,-0.2911122729377153,5.385512753504039,14.063224573755836,4.713223561449109,1.9107244807305133,4.966061438704172
6.160581232119341,0.41403577309572936,-2.350381416723335,0.18153887154380144,0.29519164511902063,5.682947699287937,14.696616760429823,-1.063811432415792,0.9834893289848868,5.749871880127415
3.916201117976255,-2.968189399416552,-0.5707255077409452,0.834527149767826,1.625087217775689,7.208193633825622,11.543320248419654,-5.109375114960487,3.824054686261226,8.209810953655136
-2.333075718713377,-2.352343725415393,0.3234384927164307,1.75508072703281,3.4139861325052605,9.032314428822056,4.670030250696094,-6.797151700464577,3.4066116725985216,11.082193491222437
-1.7842090171601848,1.9758262681777228,1.233387294580222,2.793288153678381,5.815425123791208,7.95532938821597,-4.174652039350262,-4.857623652043532,-2.7234816525806234,11.21033192389472
5.49639771998004,1.2082351111465184,2.3974327543847425,4.352893709613244,7.1947774493794245,1.841288641964967,-7.001074076502926,1.9670285510591987,-3.440945619357306,9.810691952300678
6.028033710490407,-2.136770825951656,3.118527275022007,6.742472657869876,5.006341114695401,-4.546313802094861,-4.920014082102991,2.3478961028034004,1.9360737672493515,9.610148889289674
0.3318501847430593,-3.1865816460050747,2.4534464001262677,8.525539638478804,-0.9229837410252957,-5.4628904425888045,-2.971460093759787,-0.08049187683799164,4.103346061891786,10.340632637908714
-4.427524610063009,0.07982027037684092,1.3513521106829112,8.556812853047067,-3.986937541324667,-0.8464009144994642,-2.3668947378027254,-1.0316998620122433,3.799143050275499,9.643507430726872
-4.302355440325665,3.801659100356769,4.7819346563519805,7.0229516535994225,-3.5109091898201874,3.7102898607944064,-0.7037529910235846,-0.3481378881279289,3.5936745603800047,8.336002989016574
-2.551074701968557,4.705963850768901,8.685109715465538,2.159469583125461,-3.080758178037719,5.6497683905491325,1.9367908859700615,0.5531000369896601,4.273864351955175,7.184568353838646
-1.3280961696578328,4.763797781274604,9.289819394105736,-3.419042099013198,-1.5006207060962913,5.212107224741202,4.456655692838033,1.2169603676171978,5.083872997008269,6.224998513896471
-0.5286578173253429,5.021151342509268,7.402564742225037,-6.198934549124597,1.1282732936845508,5.641492235544781,5.874128729559469,2.142587609870898,5.611229828985802,5.253399636129089
0.269298410893469,5.46662610869006,4.440741095330271,-6.7302726665146455,1.4177049234753585,7.98933528027786,6.7349517117120445,2.199707307316478,5.6894443926999765,4.386069166874931
1.1956487607253976,5.759194579940875,0.9785385595207385,-6.467381562812838,-1.4526683612420448,8.335641192659727,8.235975611874368,0.92497770567854,5.64518213345124,4.453040068209372
1.971924765292068,5.270652058893561,-2.003685916776857,-4.304789849226694,-4.190092339183077,4.120192081796353,10.634598252491632,1.159331312783056,5.7537811837357005,5.478670705752297
2.4090244867970347,3.991799176159954,-2.9576597703999576,-0.68783215482074,-3.913711542696525,-0.9050252646942201,11.389741290228008,6.193962273063521,4.283660320280436,5.361665179405594
3.557290184220242,2.485867634104723,-2.3894953633213434,2.029834830375592,-2.598601673216383,-2.8307391347436135,8.711154410909975,10.942144351856431,0.29355221276298593,4.6035446303450955
5.177091425865326,0.263971083521519,-1.4222060756181798,3.4539553968066996,-1.6312302797040958,-2.441607575183923,5.2141005407681025,12.242618092371627,-0.7620954835575917,5.591785557698517
4.729941655904267,-2.0828790241573136,-0.22107382405219056,4.124486398619121,-0.9113570808408396,-1.2981027910323033,3.1930311504198086,12.960585464622508,2.3519538487554907,5.538290515299709
2.812332671708142,-2.3619571883837795,0.5706645824901345,4.73129290605415,-0.26638421895036374,-0.14297845025490874,2.9120294777430984,13.94117527071306,4.643119393290156,2.3061341182081727
3.158513841762274,-1.0773146996924738,1.093027494863925,5.378191740828729,0.49034051838438925,0.808202169178267,4.069982624798897,14.48692296209351,1.1267726279065755,-0.6094991176811622
4.009118552179706,0.3466051039847202,1.8794074423491036,5.9790486709343345,1.264368311710934,1.6397315262249248,6.125194777607546,12.489991495602178,-4.24851524369392,2.040914028716881
6.847768206512688,0.40129373888372166,2.7016473439179265,6.610324905023339,1.9713937770506123,2.584252210653262,8.11740746401323,7.055119150334786,-6.037536069265603,5.109929873923149
9.733428149241242,0.33261166138798637,3.37610364561407,7.576227829542722,2.783077906417634,3.6169960967951167,8.54787019700034,-0.1120496311369088,-5.711483251087204,2.697310955698007
9.883788725732296,4.438041370895075,3.6253958177724477,8.211959371645678,3.7564288831497765,4.079583599890967,6.301632143607558,-5.063301179477703,-2.001413899647477,-1.6156698920119965
9.074743973618855,9.246925728899342,3.246628634766718,7.427065854856383,4.580892148651498,3.319440750134512,3.17100023842852,-5.259277051673343,2.2258876336877575,0.026302329296324034
10.739385940670077,9.247812407789375,1.2752126136973283,6.5159057375247835,5.178927707157254,1.7767182234672863,1.507556009914339,-3.782202637308898,2.9363723501861845,4.809957437744388
12.614024163702965,1.1041062478129398,-0.766055986558925,6.691263439645896,6.169480570187197,-0.23475351089985952,1.6589590547412216,-2.233099924674055,2.0626570508790216,8.895448264375915
6.537952755037667,-7.850792418872263,1.1197138600398995,7.3320769476308065,5.6552996464131775,-1.8514392085333065,3.2335382784491524,-0.37353211407307313,1.8359752629620656,11.048146333951255
-4.548825586865784,-6.650378892925627,-3.3716556501262627,7.0058299463345275,4.790012455576638,-2.453209273204344,4.717467601183463,2.4317093486435795,3.220077458598982,10.759437250107535
-8.08682653701876,3.977754901563509,-3.523348147155052,4.264200697520305,6.5497994477397015,-1.277868361957839,5.498708998771623,6.264147953277476,5.1253635722301665,5.818612603047921
-6.232350509501595,6.147137144072313,4.342805628727107,4.715020388672465,6.555577302395873,0.6245145018016038,5.939666602228792,9.218826869551954,2.9443743029806777,-0.26309613455140246
-4.907182993042512,2.3938737300791395,9.341537482150297,6.01616755884884,3.9074377690876263,2.07929524295392,6.860604778166992,8.458453772378437,-2.4536063980677985,0.45196871231631097
-2.1944473727450684,0.4667216051031352,10.54534938386467,7.004181413338312,-0.3673869191242276,2.9618325588492196,8.288365762170724,4.030760291135193,-4.286460339285626,4.862176989562853
1.492131941218908,1.2008877167113752,10.864875204782917,4.282424451498722,-3.709660411654738,2.8882164623037525,9.475292624977369,-1.3618108556628838,-3.298060831311175,6.004824164619062
4.65458725598383,3.5987140953852177,10.219816620192546,-1.633019317916009,-3.4999982586711096,0.4025948353841242,9.744723999841755,-3.8813664339144505,-0.8164423994294767,5.236919682114363
7.478683819511627,5.618073798230084,5.391024255005632,-5.450495782503988,0.9595639149779869,-0.28643524092802697,9.854584317113632,-1.7234298010581601,1.45531313920778,6.096679252922379
9.198927384739699,1.9442499545485463,0.13516217092379912,-4.690049340493613,2.231318581425123,3.5844435999936035,9.469982529618369,-0.18750914329058227,2.4684245492823247,8.264585783372038
5.377895697980119,-3.8507222989503322,2.2954513794341302,-2.9871990258414898,1.334359125075321,6.325594884263589,8.400366639748228,-1.1750121786510968,3.126514404149715,10.6767461792796
-2.2103013803381306,-3.6715065394385418,4.226611474953522,0.24047975041602987,1.6820506155724275,7.843580786225026,6.181152134942627,-2.9018569844402937,2.973542507439792,11.676730702244644
-5.175090840665477,0.7684071476047527,4.0751790224567,2.66055099602523,3.1487012738200413,8.536364175527938,1.8295184877418618,-4.000944443746789,1.0679666570380857,11.38315925824473
-0.42979428943836107,3.674167270897229,6.20258450302138,4.034837614053031,4.7021342468398535,6.995646615324945,-2.9846424278845656,-1.9808402256482427,-1.8052586709160023,11.183681068958073
6.0334857069388885,3.163621081090014,7.133690060078654,5.35776812614249,4.424311471493763,3.3775564558434854,-4.216945869791228,1.696989793218279,-0.6522598484940803,10.606360821522689
7.188660494047064,1.322804174162876,7.143523412295884,6.503745145375529,1.9658073980692323,0.937776856085071,-3.094247128585054,2.699385155341564,3.705984989118598,11.2322334908132
1.3421527678167235,0.09604796914623442,7.4470282464161475,6.678664161849307,-1.2974457407836377,1.5312984218338355,-1.621341800752516,2.338571292788494,7.7370719168859745,12.170571471159672
-6.1625203488383935,1.360294762580798,8.360312596482856,4.660626519885062,-3.1068317842189974,3.7315617007815933,0.7389798973496273,2.7372112355804403,10.431907209525082,7.215454381011799
-6.208529533110072,-2.5203410623741913,8.588650048165041,2.424378958554174,-3.257648456290563,4.532077227467685,4.498739864328211,4.925536701528218,9.892792569380529,-3.438635992548982
1.76012419054122,-3.992623857653383,6.717494506314414,3.923944394125964,-2.909154927858544,4.006320182912452,8.783237966016006,6.533735919786932,2.118580198606719,-7.639981755439262
2.4086248237930548,0.8715774697741621,6.8137170329547105,3.612946320525471,-2.915829584126497,2.850454349406569,11.377964117712589,1.3889018911618811,-4.365676028293294,-5.94807675764098
0.30507763361873247,3.192859715098364,7.335471990692066,0.7039376679860846,-2.7341559070563224,0.9593660150016682,11.564027935328408,-3.233755127030964,-0.4393284974394798,-5.1501353187216825
0.5611717507116716,4.163615501334564,7.1324295310659735,-2.340043047430541,-0.8443722025999522,-0.4398388822458775,11.39562124657517,0.25369908151859377,3.544805178931017,-3.3544728751365183
0.8755890670142118,5.423879983694157,5.5585826906388895,-3.71569941280024,2.042160540251886,1.510528314254564,11.305987838413033,3.702212053779532,0.821032639647566,-2.42116937997125
0.6487466545649174,6.305793823868702,3.4324055589155127,-3.7536146298594515,3.0230973076898255,6.2724995696949195,10.753236230268028,-0.4782365204139145,-1.0427063992054224,-1.2099240481795235
1.1687243233407936,6.87414743360513,1.2854130968306816,-3.3352278636992896,1.7058242352660278,9.578364327376002,5.87137986742588,-5.6813202511253476,2.84246057617844,0.3527868263245468
2.635116452539237,6.737234726397378,-0.9533633553927352,-2.1168171825007516,-0.11869569785061418,10.102677322546265,-0.16517089342831648,-5.750655402885591,3.759300022534039,4.1428607063041145
5.071266022030383,4.235052452099104,-2.545734014225222,0.09833229691486345,-0.28497195901239863,10.136396639617255,-3.0707987354096837,-2.7925606084185652,1.274682939341596,6.666767622434972
6.04261570508638,-0.6827848564905523,-2.2175214229306324,1.3456622593529557,1.7640759801155164,9.846947782398823,-3.1204967863063073,1.2389479754528396,1.4434842181032892,7.612546475104393
2.0952095263477206,-3.659805460397728,-0.4099199771921742,1.5809290803336065,3.995885813085947,8.74062502880013,-2.1226824026380497,3.680206307184859,4.94126867271096,8.183277795310559
-3.709063571085611,-1.8024619803530155,-0.17707440208317743,2.247939382358714,6.039904206243891,7.086129762641365,-1.6050331306138539,4.459178191525766,8.846279341627115,4.61883741364926
-3.2217332250133133,-0.3257264006182539,0.302085797921949,2.9826798475097003,7.848084317035359,4.480768665118659,-1.8788544506621896,4.349548357370938,10.02817789237675,-2.825380161606274
2.4634336418558602,0.5962734603448517,1.1559853434163179,4.227217409516964,8.645317899053842,0.6088701196381203,-1.782268426522193,3.6109274052841696,8.921926974580497,-5.693629265723095
5.9516015145920935,4.197910425178032,2.0308159103733967,5.64483834861715,7.266873325745837,-3.1646676588954303,-0.03386286262104776,3.3126417304452436,7.859196529268065,-3.246480187090333
6.677788779470366,7.143702410517377,2.5176028212003585,5.990060096871202,3.877183062229695,-4.641727401014356,1.4990064723760552,4.964439549980055,7.112483115642416,-0.2680286965062362
7.073363388253283,8.62246188281176,2.222679657315737,5.00772467741116,0.7602280231298144,-4.1438308993340485,0.6849952486995886,6.8117209332010065,7.062086005541794,1.278447902392782
7.5126556819842625,8.53507276910141,0.6328372478026247,4.253313772969392,-0.5147855387500206,-2.771239213005085,-0.7645451047054417,7.003257804788836,8.614089904430045,2.309032827820202
7.021310649701718,6.446213036834465,-0.6113932008428145,4.878265723155227,-0.29996742149076566,-1.2957860533877144,-1.1018151010327037,6.098882329668821,11.291390686168095,3.8378949980948263
4.115563341365814,4.157953398571271,0.10476856161320425,5.579963024377658,0.5193751785043651,-0.2872912925421448,-0.44606240382490925,5.430490925851811,13.989445240977634,4.439581417408531
1.7182269772824152,4.159364079882696,2.2307040487044274,5.66200627144548,0.8290870041192187,0.2893194140651808,0.5578350141555487,5.939515317472389,15.105672814263242,0.7142251026095444
4.012680375109211,6.1458061835613265,4.172433406287441,4.6662082969231,0.33947636099038947,0.9642436096667457,1.8275585851900324,7.799246197215966,12.54367738352476,-4.05858553429138
4.7723440907929815,10.922626105018278,3.356404842050299,2.0180293642388327,0.3579262303005473,1.8099212487476994,3.773960874943284,9.944510842247286,5.345319609108568,-6.208487227334178
-1.3600197261359535,12.573910951165665,2.7506004567302513,-0.07083700005610738,1.2208156040676887,2.932372542012236,6.351726194554771,8.713033530918953,-4.4774186534043,-4.427633785620306
-1.831846490521852,11.09762692654084,4.774013667451239,-2.964941263858907,2.0833108732485766,5.034450199056448,7.904251126947014,1.242136284965424,-7.5935707159573695,1.9502846802715288
2.491845961015921,10.951567656281973,0.42108104109737865,-4.31948872064316,1.4730589663120717,7.618758512280119,4.8816164118660526,-6.238511804351393,-4.636829551370357,0.8239077385086424
2.8055109637448457,10.28669375422594,-4.4269264908157355,-0.49589363441119283,-0.3257447721032331,8.140068587427912,-0.3315370741177064,-7.004895444141277,-1.5686093226574083,-1.0097384618938514
2.43956470466655,9.428224950672437,-3.4875808089660074,4.198853114879775,3.1709721220396787,7.626067331529518,-4.2746148429997435,-3.3008213398705863,-1.058253856617223,-0.8603169039733803
2.6500220298635764,9.201831400515674,0.05046485676485135,5.487930630424726,7.11189504425481,2.187225542572988,-6.141872335655711,1.1178824052193432,-0.30557336673750113,-0.11411830962859126
3.680051523909047,9.689563723146625,3.189301967200774,5.448095477065412,5.743779148084197,-4.179519578745256,-3.9734597720702443,1.1089328037289277,1.4595685104198939,0.9642155433353768
5.62850613058276,10.631458238598189,3.860838679350615,3.5125872203370796,2.159110892215603,-5.522332422327344,-1.0608932725287195,0.3602648563393359,2.513467050619739,2.6183570072229747
8.695159400765933,9.294109742344435,-0.018127535578367215,2.2526369540175266,1.0929630507957133,-4.446323682382052,0.37505305243020715,1.0946159505727033,3.482826640082971,5.178752715079775
9.48049396373638,1.193988867405158,-2.7124315014827642,3.6095389801867674,1.4285999931444553,-3.3248217173418344,1.0837415161936885,2.539457857236239,5.191606487751447,8.803201841624732
0.4581043293828255,-4.449986593357577,-1.384805214219524,3.486851933762415,1.9315431175488542,-2.428652349942526,1.4631043423245844,4.446917848701572,8.542301683277271,10.033523584625025
-6.119037812787459,-0.522460055072093,-1.892957790848724,3.3182364056899862,2.616914097547585,-1.6311993921945613,1.6403632686535394,6.782665619290512,10.897234248396735,0.5061753500576227
-0.6023908122152113,-0.3334269813288185,-0.9420523691288911,3.51980346238003,3.3560764420270743,-1.0031977238038179,1.8418713722490831,8.75888730676489,5.614567836541743,-8.60648572173548
0.9092236499591984,1.4306496252909982,0.21362625893348708,4.006112915641484,3.8544154212791124,-0.5518183939697952,2.2208281277469952,9.181078055263006,-3.341043671432077,-7.666810739964276
-1.2960420292014005,2.0757555725610373,2.0257797614744075,4.777875636036016,3.818462270343183,-0.24685614718793117,2.783609555496887,7.859313168773257,-7.78360055650491,-0.5564875667214872
2.390942695978932,2.720263385894797,3.9206545631665115,5.538002931827134,2.8419705849508583,0.05307071731568829,3.43334821595381,5.928796108534355,-6.336419513798298,5.204763138263478
7.397379011249026,2.7527532364428393,4.655577329994338,5.651020070634206,1.315754453005777,0.6252124234422498,4.149749618958344,4.413424846215292,-3.8008887380070187,5.818000541996312
10.512248725487746,2.745130784520408,4.211877227987553,5.2156628199695145,0.3343862258668418,1.445266716245075,5.006814586644024,3.2364967233505912,-2.197218999445894,4.798894372843638
12.303538049126239,2.731082617150086,3.040670971796937,4.802476578305403,0.400766352592028,2.2731002723677856,5.891968844969939,2.0171657957414237,-1.3119733200664705,3.8695340505981077
13.237655574824975,1.9527302239198387,1.8586398994434206,4.925055138786925,1.4557954891433584,3.1251008607498574,6.383993964150615,0.6307960228758279,-0.5527794293306467,3.437065291637625
13.33368049349407,0.2500773119649933,1.7338873028927642,5.589960068923194,3.2205998732740615,3.9885179837108153,5.902717510628575,-0.6402535211512947,0.4529631636003664,3.995934761818428
12.140014650864085,-1.9390651558359036,3.0058504804177977,7.142130568750083,4.963284416022832,4.06775343739819,4.244416734740516,-1.2019003262733923,1.3738457475801833,5.826122198404413
8.784449414447707,-4.067218281242196,4.134743713164205,10.354075406870665,4.943307242215225,2.039267440909669,2.876327352971593,-0.6765201823908439,1.8642800474953245,8.031170811210236
2.819206183339871,-5.677222648011716,1.7234690232767338,13.096634847294954,2.4171612769358095,-0.3211722361436926,3.230927280488996,0.7720098920437747,2.643000984111115,9.422074498859825
-3.902970479393835,-3.1469553659355816,-3.8575340402600102,11.999334555862607,3.496158418138547,-1.5090149568563216,3.9129718408419163,3.137928225392709,4.327575263511151,8.483683695240499
-5.722913543553311,3.1421527887234366,-2.160667492504223,10.028615479482017,5.573705220375427,-3.4421280865703245,4.4691141954364895,6.898490505877753,5.650689289751435,3.5150185607484263
-4.396376464893478,3.5042945425205136,4.502384739050539,9.75060980788582,0.9327254896713844,-4.259122386802223,2.950727780354735,10.533718382887661,2.888809748647632,-2.006351672241855
-3.319404446104991,0.8650370681653576,7.653041106417101,6.590475501458924,-5.818190197419922,-0.944852777196254,-0.06638663050520677,11.088616838190605,-0.30689873527522615,-2.2448226221722156
-2.1501655465049354,-0.6437295076643028,7.915604964130711,1.8094142563423383,-7.09690164982057,2.130182183642603,2.696199724090608,10.726748882229336,-1.490551735028252,0.034013194248532774
-0.6682906018986075,-0.531433065369581,8.01886021758114,-1.703889991482501,-5.341106251271839,0.15426932798057602,5.601814668282939,9.049751458686861,-3.033460725637862,3.514043564566914
1.6941880080401668,0.5619740684018596,8.177700930685164,-3.297009137114089,-1.5042289356808558,-1.6062014768232156,4.958478801754772,8.19254381421921,-2.0848508373290606,6.281788526214574
3.6873829407901653,1.7539859284238624,7.6756357627598355,-2.5248444997939594,2.2577278507311926,-0.13237740300975398,4.596590248276632,8.536878700830272,0.7863642591106066,7.031832872624279
4.390317626078792,2.693947345370134,6.6830536431619985,-0.6398878021539003,3.933661234282083,2.9002465062320897,5.8014888374449685,9.02737189817343,3.0769208395813017,6.381212948568889
4.8784137552335585,3.5334009151563994,5.716418188037902,1.0397462737685026,4.530838168905154,6.2897311090746815,8.150200451023721,8.124893602308795,2.844966502339923,5.441328060976041
6.283496654965002,4.011693141678357,4.749331005660305,2.4540502279806544,5.597258839803194,10.034971158112123,8.889544799861584,3.085527997843391,1.5899110600259412,5.722712395424041
7.767857151042853,3.087853265321204,3.921689321959548,4.410502902817947,8.292440804227567,11.535693572192455,1.7496685487033439,-1.5895456959191807,2.061582077026248,7.372300502742716
7.753915972545223,0.35715696598105,4.095445992716428,7.954710680938773,10.626834037648809,2.8687336826284233,-5.587403475543898,0.6172297720269874,2.3395781340762607,9.266180821089884
3.9721571024970186,-2.1532020720086678,4.111395441483097,11.732131417668214,3.0548769743863025,-7.191625308916119,-2.224927162351405,-0.7532508659586697,3.2687999099578438,11.052772839650995
-1.2620233289339038,-1.838007606874404,2.3015541054337842,11.62976440601075,-6.517674922809828,-2.2567949038838204,-1.5686898342218538,-0.9946761736088431,2.6938371242140944,11.599640559825158
-3.2100706040194016,1.555092111620586,2.7826063605755533,10.211994477762753,-4.773172885070734,6.020586229647929,0.7907093615981879,-0.12020447079097243,2.6836225255192634,10.952379571238527
-2.0481791639648677,3.9302403320184958,6.7283514652935565,7.78482127817705,-0.8995717375931401,8.205189624905184,3.4081472704830467,-0.17998822760632238,3.3574818991872677,10.081306259076442
-0.12238043118074038,4.699404905021889,9.99111356989565,4.239353285011008,0.10473706357617207,8.456523862210467,3.780399522982677,-0.9119832674662229,3.6704212349173955,9.89736440670934
2.16077311489083,5.227594316612623,10.511678466471343,0.14145022025136678,0.6546186155333217,8.661303374701447,3.0920719822649705,-1.5169838789509518,3.4737673085295193,10.669447450092079
5.215767191304479,4.891146728456387,7.923239806350465,-2.612416780029863,1.5459152512728862,9.20492649866355,1.3756794204142848,-1.6696407620006666,2.6596328943760548,12.157607336487667
7.082648476725817,1.2401278301887237,5.231261460393352,-2.5345694158838232,1.4925228338181276,9.763412950384387,-0.44408496907020845,-0.7983773647111886,1.7965848657178682,13.545298450693135
3.3434711154026777,-2.5248067255495323,6.165585302920754,-0.0017880292917225038,1.6911676549180428,9.876650131138607,-0.8435066420859065,0.799838982848234,2.6017601356126887,14.264453894591464
-4.155646952632628,-1.0813963774978312,6.161672891756919,3.7009028589133655,3.0768061893846763,9.27557452743047,-0.5662944337155148,2.064157330085723,5.358382201814635,12.946389069367795
-8.680237232789224,1.9689570050552536,7.656252538498638,6.227361534397625,4.521941979027107,7.1862446606704795,-0.682882060696302,2.894084721327864,8.313169987281764,6.335416015454893
-7.529347492969737,-3.1649268948743376,7.7570093587547815,9.790458590750749,2.8989783707518617,4.348184124986189,-0.15162011934358777,3.4213603491207936,8.98440015321016,-3.4586692513973194
1.963167558154041,-5.17116284057854,0.9017426518474952,12.680210783113763,2.796653697458643,2.4101955783794513,1.2691419226910865,4.290648188906265,6.548147497847989,-7.527719453804272
7.749072601055633,-0.42078272327552146,-0.39853135619402924,12.306558598112245,4.7017363043595966,-0.9760001612071767,2.1869411841778006,5.495144658755979,2.924168788551976,-5.690489785579322
7.638724499053489,4.456352699819396,1.4197692825617065,12.030903601926477,1.9320135000605516,-3.3896140400465424,2.278019779128974,6.731999806090003,-0.5407111967195872,-3.9582716835294436
5.2765234757279,8.93279265405328,5.177711515009143,9.186608108110942,-3.57909262511103,-1.3765953865088132,1.0141074386174789,7.232766839079041,-2.797873629394972,-2.4786044878868987
3.8485795553633277,12.227840437643785,5.832766984162255,-0.07121625610567328,-5.101300602424583,1.147983835282467,2.257680697691665,6.99340830933069,-3.5337353665500424,-0.4108149238744283
5.327072628636762,12.539421436755958,-2.223344679246053,-2.6158959485450044,-3.4014608481189965,-0.1797744987955913,3.553392269773906,6.051952908446739,-3.804828521118067,1.3366505061683516
8.013036353028303,7.713987621401305,-6.87645543703536,4.991129071292545,-1.2974444295896674,-0.003773043600247536,3.929028387899948,5.214698029005565,-3.593047660044094,1.7765982830233447
9.369163198457557,1.0781670667785304,-6.112731572641071,7.283292839830633,4.376584196996549,0.5012264433142697,4.595135585971735,4.074304099075765,-3.5078861247507604,1.1598007009482076
9.587275245543658,-3.273094716164038,-3.921566687840939,3.765399872003163,8.050565172714611,0.9828339252409246,4.928002796335204,2.758444382520089,-3.584112288551908,-0.059110978430298555
9.637379190253558,-3.066808047229734,-0.1539970215062984,2.0163961343226924,9.265205472059922,3.6034725638400373,3.8558260055414606,0.9573456675654828,-3.2507639665396,-1.6657692976776963
9.259261523743119,1.2431856194594113,1.5728299539289312,3.756355883830819,10.13374207278144,3.7724396412602474,0.81434085349893,0.26675050215795043,-2.183827458520053,-2.9251488852317142
7.792344398160097,5.707410674927796,1.102347571467379,5.257650699004023,10.32093477437459,-0.19187136269558025,-0.12144462373164204,1.1588146857772732,-1.2181769119867982,-2.9654948070546947
5.990758600835523,8.493676803381257,1.1688188054733921,5.934851872527991,8.58690481755071,-3.4982967314161195,2.376355046052182,2.19225056136907,-0.726823868991102,-2.1944227130021394
4.70885154607934,10.409789764291315,2.6729843165511538,5.833428672441834,5.464533639619862,-3.842472639672099,4.563686681978419,3.963697856590867,-1.2836723518598627,-1.2107576432271958
4.413420332853055,12.116404660314409,3.897906988331322,3.747992643725391,2.7006836358917425,-2.627121207674967,4.8832699931717976,5.144730133204214,-2.6431660136591724,-0.08515136461268769
5.685537992781387,13.050938879370609,1.3249428877741836,1.4061804892175944,2.2486079675953285,-0.888293543393256,4.889991864516557,4.954841480023363,-3.585716548435437,0.9329091641952866
7.7038376021456045,11.236651152767443,-3.474210996561757,3.237112154803529,3.3283691319048323,0.9267094947171742,5.3496957758721475,3.5477137799164007,-3.9643544931419936,0.9125905381033182
8.377958724579562,7.203844533485572,-5.297218191839692,5.690674311983058,6.848252107646185,2.0577558906138402,5.364051949834321,1.285721435884744,-3.794151109629622,-0.3912303384347001
7.588260384912513,4.283089904294447,-5.278230158681784,4.336532088683569,10.95669619762279,2.3425511238773122,3.9458477598662327,-0.39158970630296086,-2.6605833233072937,-1.8124611036965024
6.784746720301732,2.657264544317055,-5.283123593873064,0.5182919499916014,12.741932017656989,3.2832723430074386,1.222341981012039,-0.5901124358302796,-1.1827375414483674,-2.090822263041435
6.656392049157328,1.099783452542306,-5.285957175911521,-3.7748957952127187,10.873071656295213,5.0250094946188195,-2.728421719778715,0.7804065333024996,-0.061973140775654745,-1.3316086047121152
6.970176556799902,-0.7161119271093372,-3.9940262301193212,-6.215883373800082,5.498925323226596,6.38609944817075,-4.787281227467636,3.6375704182096333,1.6884959779200273,0.018655061942645476
6.848881812762038,-1.914132410771478,-0.875379302032905,-5.7587887615852225,0.3992509793457306,7.2598739118862206,-1.949382338541934,5.622633683585207,4.551338677463988,1.5728353966346567
5.64459364481191,-1.6250154780154389,2.195402365166049,-4.250133937085099,-1.7839575213384637,6.908992250110691,3.869091166287329,5.950160973694729,5.744121008621056,2.58184539804159
4.465008045509125,-0.3537710058539003,3.7985578768312442,-3.1682902531101877,-1.7412550982410446,5.35832994620634,8.995026701291351,5.6380310571646515,4.002826976798186,2.8798033669570593
4.3893468808635046,1.0300752022350494,4.1456904122447105,-2.557262499537331,-0.7922852470778183,4.160970625586243,11.859609420197906,3.804669326626381,1.0843008133848788,3.3801859568409967
5.342074632443569,1.9661223501490936,3.640299978226292,-2.0499658880817733,0.19649099757823507,4.342265165484752,12.552245808333565,0.0046436958873044,0.3201823690318246,4.094296636285091
6.111540973680571,1.8742228530769787,2.777550808031636,-1.3597085628083234,0.8565616209426301,5.600192725883923,11.158145149674548,-3.254864347101777,2.4270034491511963,5.6373853216093845
4.750985690654526,0.1312102836864173,2.7499572030650135,-0.26841855349053134,1.4381957667763876,7.1293676278292,7.8504960714573935,-4.704326235302627,3.9457634153250445,9.237493929265089
1.2942744532219534,-1.0319359856650234,3.5393556230675416,1.496087946769928,2.505978699116693,8.232808718217804,2.79169315721745,-5.523230654260741,1.8208511199215138,11.847180650126994
1.8602137865959896,-0.7866062501691091,4.026088709940191,3.84344074378225,4.2662784822747515,7.3678829479711,-2.9260274190313296,-3.66884763175175,-3.0478159850003443,11.337125489896529
5.182239417740281,-1.8444370772436858,4.404857728625773,6.9351968242159465,5.279271584459266,2.971104402648066,-4.933927590436845,1.3942379567678016,-3.2706922921427424,9.497221181453886
4.358862967566686,-3.1250533172194217,4.076646563755205,10.020900359750014,2.3863662181354384,-1.5004169591501668,-3.735900807100019,2.9211015854608373,1.2606156890898605,9.189270335781979
-0.8877222943556893,-2.9008783831781924,1.9215013041497548,11.085154285266853,-1.5553345097669442,-0.5293085348504913,-2.748669962060338,2.138198344597277,5.118060933406925,8.924580711180043
-5.440093244004732,0.4379538829422725,0.9335208728332747,11.002192361924786,-0.48185301402171404,2.180042235860173,-1.2504252449827575,1.8436979610733122,7.3355039359280765,5.658707001233874
-5.748211526179423,1.5858618549991705,4.135569937897222,10.645854034476592,0.5788879826199799,2.5703701529587555,0.22255445480868152,2.377569720947796,8.217644442217194,0.07390972873968671
-2.4199332329624577,-0.5951434178907036,5.409564371667354,10.333056267682549,-0.7574950341231659,3.3227404850900673,1.9888113501243834,3.590707594121469,7.332420029596577,-4.5138984843178935
1.9459586659602124,0.4216170342079322,5.356025240141923,10.033526576585434,-0.9807985858156004,4.609595894136213,4.759339445581919,4.6830198791240125,4.050552471123867,-5.595913646352103
2.6031552380824254,4.132403240167081,7.166939997627026,8.151495429105442,-0.8775024083506147,5.371935590259657,7.695778885397908,3.1840140609955396,0.03198602844112619,-4.472121028414215
1.0975357923479128,6.832879100859576,9.452023677967082,2.7894311503367044,-1.3519526033703417,5.4736809125768255,9.062794302394531,-1.127506562209715,-0.25286937297070794,-3.1438630557545784
0.5687735768476667,7.906832059540068,8.416334652728002,-3.9160379753216255,-0.009041371657664568,5.171324153411236,8.323992200261284,-3.2519770352922177,3.399204527525829,-1.3883080200981581
1.4317561005142432,8.580141760995051,3.2341407083083435,-6.908310232184813,0.9165717592189259,6.627680497504368,6.390256252680924,-2.586244030044121,6.149483174144041,1.5650622158230556
2.757645953078559,7.932349098730143,-3.010828646453552,-5.100056055177017,-2.3680273087941566,6.359741008384681,5.747780215947672,-1.46253522472712,7.040467928238189,5.0294315642023335
2.925067353069085,4.87230869039759,-5.1914698667237715,0.5752893948518021,-3.281741685690422,3.955306222470397,7.502896892967268,0.9927537950023069,7.340308558085102,7.8451618074223175
0.7481745571385057,3.0514423393799195,-3.5981930124826254,3.905567884265629,-0.10790268267161807,3.4742751867662016,9.343153904397772,5.00689646006137,7.375888849843478,7.294337020459238
-0.030833535401200693,3.6059186680925097,-0.9232046477027975,4.874171379170496,3.591528599965091,5.120379699680643,11.304814494945516,7.509529374152295,4.418796643054663,3.7113838220586644
1.4638763430815054,4.0957972443653485,1.7843867911852727,5.505631038321711,7.368171526038758,8.947209384636922,10.969766645613399,2.273470533473605,0.42472162329309915,3.143908028296135
3.4736377639368827,4.54139994722695,4.146193081699859,7.522444695470851,11.718053697976401,8.724238946025414,0.8040557526818826,-2.67925352127918,1.1840148226783174,4.116600524455281
5.879422474236544,5.430695046630083,6.943640411123642,11.064727631330635,8.534576024348508,-3.6434949942280315,-2.1434775176218412,-1.3897492664697895,0.8250472610091913,5.284048462764449
9.370026925617271,7.565252021948683,8.657919580943908,6.987934221122076,-4.35448021686579,-4.657448057782389,0.31610296266102844,-0.4523203779328637,1.092476320659535,6.46920960934216
13.691311302023207,5.910650070304198,2.2211309215828425,-0.393414838276125,-5.610114500804119,-1.927036419615652,-0.36288238573240117,0.5052955431276711,2.0091731364767567,8.49069678277375
10.532588090175176,-5.256455327479446,2.276725678191592,0.16371374797844174,-4.06699865576809,-0.7796675560598585,-0.11654886804213405,1.2924153759330042,3.6890503573869884,11.858376059650125
-4.099083990418615,-6.732408269687862,4.27584432320432,2.6094808030514436,-3.286393516482994,0.5811349512315696,0.786928450389521,2.2708419522847323,6.347817890379858,12.131561338827542
-11.6153551994462,-0.4005422212450136,1.319643966640019,3.5517360591077773,-2.2972756776040257,1.947120427627615,2.4150767558552,3.9499436235920586,8.457704838141352,2.905715759506566
-7.2001919935423295,-3.1209455059923146,0.7578154395822577,4.09235833815957,-0.7408751985564559,2.773533950994144,4.66021955514843,6.1456420703645,5.261637828354393,-7.269590618405981
-1.2473650078400476,-4.606331472306888,-1.6047452522954457,4.31724420844138,1.8136427811158617,3.5688881783895536,6.858846900213694,5.333086614961978,-2.4295407705133973,-7.2714040044704
-0.2210535135694104,-3.431727597279524,-2.2371980081443485,3.402547301989939,4.948312085886895,5.24968699860287,6.77599534593549,-0.07872322917173769,-4.741478348292679,-4.3919668782580175
0.5503386552015471,-2.1351632654857258,-1.7981263273439252,2.219488260442427,7.6099307082899745,6.7783381841559205,1.9137632592151146,-3.4130340714592178,-1.634089456702187,-3.653048832801465
1.71260325007381,-0.7794042941432472,-0.7943473127348682,1.7227961888845702,9.159535143181582,4.49408146703758,-3.7393794805345855,-1.538337072740192,0.07457432253168117,-2.5724574345650515
2.6107038110078253,0.5877881106044134,0.2312183409816035,2.264481516036279,9.603798597170309,-0.7580340118219184,-4.266507135539164,0.13057619743287474,0.9323303294932465,-1.256868955113651
3.3260188545889458,1.8313995140836097,1.1522873377434035,3.518995006416029,8.602268368088048,-4.490696424378298,-0.3853832653139224,0.174144775442652,1.8161579034132482,0.2005969287068674
3.9811716351511,2.8380669667669185,2.1302443128845407,4.896977076063762,6.084495040812819,-4.866730595155858,3.555941334563695,2.3730787020124495,2.4650214096884953,1.6658170052559584
4.728573267152177,3.735751604522615,3.1989170029995684,5.643938622605317,2.833948894570232,-3.9394816427701596,4.341627320504263,5.856483042762126,2.367951611561235,2.503133030460879
5.731735345165076,4.811389784078316,3.9248505740315407,4.993273103240267,-0.12326061278648526,-2.7979683134857063,3.0080609124254516,8.291388734211115,2.387109338537022,2.7795182598234187
6.798398360162545,5.9015575041293005,3.358639656137279,3.1846154368261246,-1.4869977720841088,-1.413057955268627,1.7092602716921648,9.533930528350867,3.561720334930828,2.719513507559321
7.53400615198155,6.169859765393529,1.233920002267024,2.130166550421937,-1.1689247332712984,-0.19871169077550632,1.6681424008214567,10.349469587722123,5.070835176197725,2.271728944781685
7.85313170657582,5.217240964153136,-0.876417257260339,2.793666659089861,-0.0367876793627987,0.7879244440987421,2.80438975713438,11.340678950993302,5.22423991651417,1.4285848498206306
8.086080237806357,3.813425136352066,-1.8079531065543923,3.961363465052326,1.8100306152909518,1.704618111628377,4.791150540611278,12.187190734819545,2.556401983749082,0.731920950840373
8.559898381628704,2.1443867681085953,-1.8236918606566062,4.532582369552007,4.3114647980735965,3.0137531328775897,7.148717752413013,10.625015915796654,-2.309907274556592,1.492216034768419
9.619641939643383,-0.011462787143964315,-1.1213093554089655,4.384139264670149,7.303485906645942,5.575246098388412,7.998596287702841,4.165999024842494,-5.554824421882899,1.555998965526423
9.554556915142676,0.672712580604483,-0.0233124166062878,4.491509347688013,10.586371996140526,7.114289771633877,2.5886088608076157,-1.9752130452542953,-4.421653187924055,-2.259681847638539
7.4780071076905905,4.603577131061277,0.06011786019855296,5.093279963405249,12.574714982445709,0.9990330760917621,-2.6097374916695286,-0.5806913045758899,-2.578357209687416,-4.4443265266762735
4.225890484843373,7.7217608786308425,0.8136822523547825,5.670975823560981,10.720504559066008,-5.458004719578582,1.632232162704614,0.6105955108829618,-1.4375436827380372,-4.1859976845324205
1.332557848645416,9.417538364658231,4.390059803803835,5.852126598911153,6.035858496475578,-5.433720707811981,6.105368990887017,3.2980995244451274,-1.8190016305612184,-2.9292613097000335
-0.012582251827065127,9.798937438835706,8.602061268415698,2.148179363022939,1.7805258058029874,-3.422803285600028,6.255762868999012,4.837234481977687,-4.054862065090135,-0.5509869533620786
2.237788031558186,10.321653995259167,7.045259274176513,-3.4620569517621833,3.3121715094995623,-0.670313929056455,6.044472382286566,3.915712206948072,-4.9568440574720505,2.0877717145378947
6.381413222296955,10.328374880993453,-1.4393249572374947,-4.095143233318838,4.348579597761575,4.625967609523742,5.878783175287103,0.5802016880566119,-4.409618585728467,1.9780245870273645
7.834630280018455,5.795730427986491,-8.116050315800072,-0.2703426295868119,2.626245787508563,7.417004504885115,3.3807939681590766,-3.0205995819893428,-2.505930265538595,-0.16449515339175713
7.8073985041083125,0.2546345045448343,-8.426109030950231,0.3185347681972738,4.199610158292346,7.827830485833273,-0.9404449247763527,-2.9527406364032958,-0.7019883472324717,-0.7582838933530852
8.058826515018486,-3.710764939186714,-4.855168167029922,-2.6230860264416767,3.175812768825481,7.44589413181729,-3.8513990272891503,0.32148599517270493,0.10025868718633907,-0.024709774662666772
7.896279687118402,-4.30445396304995,1.09057971586584,-2.5941215234846124,1.212304076941929,7.5664214755814685,-2.501465774365286,3.4366868086279165,1.8490654572673875,1.3954639757947485
6.749440840888077,-2.2566198522249636,4.801443847510779,-0.04228376058802197,1.400806753471594,7.859939181286122,0.8575629012326269,4.483877483272049,3.823411199094502,3.080437809178766
5.048032992019637,-0.1364373647816267,5.86137514978818,2.496465490065622,2.523427620178898,8.265516303928175,3.628032513376694,4.220425771781388,5.004867369367492,4.359932758617316
3.401065054435733,1.3491877549018856,6.265417184832588,4.720484055534934,4.072863857450221,8.636721815922643,4.6930147457084885,3.4782262296291098,5.636984530006141,5.062255564854133
2.055091606296949,2.5432145953671252,7.257275574991311,7.099603172988415,5.60830251686707,8.011025708490411,3.8199922353573497,3.0423205489881484,6.299756562299788,5.244275127059271
1.0896877782674315,3.709943960917675,9.568243423835046,9.245169026414327,4.788435041042914,5.534995975753475,2.8903009048247226,3.6496509696659265,7.206316384470867,4.5706726489571725
0.8104870329727597,4.922814115166188,12.853879659402134,7.165551574717066,-0.10793672555591005,4.550274950132725,4.375378799520464,5.1632279172914375,7.539126905239614,2.5880601715005502
1.5019073672377061,6.712375574335266,13.390676590944338,-1.9659771139799567,-1.5113066178193968,4.431400523911163,8.248266799581314,6.657857466467123,4.866165633143762,0.25826745150632524
2.3085415388973534,8.944820817307656,7.1121393729868325,-8.349550627027922,2.5153451251912458,6.233257833789965,10.796852871523487,4.410153448853933,-0.30285048824104344,0.19461655036954256
3.6444177840347125,9.30632646897485,-3.000793041876445,-7.753109444026799,-1.9210955922638202,8.716492029103618,9.84690520138003,-4.053272370872572,0.42185940510797393,1.020401005283832
5.159091391456889,5.523283650157544,-7.93010396812367,1.2710170501207163,-4.995918697832286,3.5981923792061408,9.108737044242767,-5.5922478446116575,4.959455834427797,4.769279770370751
2.8172919017728146,-0.4438649022237202,-6.59805831448116,5.552072467200801,0.5531834220582512,2.917730582547399,8.853173398990668,-1.6597574300258198,6.11388577679813,9.727127862568654
-3.0333970575011246,0.9531126713178864,-5.221364866188865,3.7895630650523855,5.843177771639316,4.802230008114523,7.764695397008685,1.5236309011625442,6.521572471966807,9.46782272642159
-4.171253743818434,5.955810764660519,-1.2127461460985556,3.0141142377310666,9.220475772306779,7.586003719908001,4.6807127983769306,2.702587032372374,7.083860110553165,5.427518798760401
-3.009178887217813,6.989239034481606,4.443911719998387,4.285873431598702,11.185871120571587,6.46634549694237,-0.12644930543563104,3.289831973929396,7.662323345284067,1.2564996943547224
-1.622432741553523,5.607029454583229,9.951795303091044,7.64898418984111,8.442030967314805,-0.3160753903347273,-1.4872817361719726,3.26705180503185,8.103470071734769,-2.2558762464071798
0.3361042564753378,5.1637027757168585,14.001613362590648,5.3938603665408404,-1.6942716143984273,-2.2563972991008363,-0.5031841378603392,3.1315090092073645,7.558585310867188,-3.9276290531691944
1.6094952340928308,7.506089445375394,12.54054654380197,-5.6583761748302654,-0.3681576349513984,-0.906413610861271,-0.25931404769487926,3.4200745772151713,6.666107686879501,-4.065928885547441
1.4020772823139442,9.69492255357974,4.305046699908129,-8.627960909646347,6.357034329502845,3.210785215308136,0.511662707077321,4.1001026269516,5.4995303600832885,-3.9569099662215623
0.18093624127570074,10.128572974636269,-3.4877521856827642,-6.58870324706455,2.376195971097708,8.010554551870777,1.2117021923072824,4.550625842652388,3.9570777111737403,-4.2045817914523695
-1.8574557612035028,10.187066837728445,-4.831671086146332,-0.13736451168236297,-1.2503724680742518,8.153870549515386,5.481675051059252,3.28776035353498,1.6004532102748255,-4.163102479367732
-3.940391989136618,9.59579830495608,1.3800632159201882,2.940594364019185,1.6424003167742418,8.325811479339025,6.907222254975023,-0.6429410340851722,1.0428144105420472,-3.229565116575973
-4.2457973852703015,6.5775971615082245,7.317974673122496,1.3512996013219283,3.3690338256885015,9.242617599606122,3.127998634066778,-2.9966163686753893,3.451682433306831,-2.3779341659064923
-3.007491815578619,3.1489097480968224,9.772133845585842,1.424455319700224,4.055656421882702,9.056560528954583,-1.9585528198738347,-2.042511382541697,4.753281400016152,-1.5881827259769161
-1.426940943434868,1.369120615918852,10.754397535184061,4.264669305277679,3.936825158734829,6.648097215276201,-4.709253322343294,0.10884756004334584,5.105391788978634,-1.0879728024709416
0.02582848820944572,1.4290053316332296,11.436711463420107,6.454046262473807,1.2940764154590654,4.204174689619581,-4.447213005541741,0.9458502689353461,5.816969800471078,-0.7221437873726047
1.1211576542709973,2.9671344502340644,12.249968585480062,3.8217344895344363,-1.8326095389384016,5.062310403776774,-2.3991365424900506,1.2101584182964413,6.527931553872166,0.052134643559585636
1.8440536211890324,5.297363804574615,11.580411813184925,-2.516619446940749,-1.2033205130205205,5.864175746671849,0.6102242684195551,1.9432515940735544,7.052271366739183,0.9682985188739774
2.5385862280471176,7.4199909878436685,6.857685076449845,-6.994394594223267,1.3737270180113061,6.552109557902119,2.7594862953248684,2.89225942296435,7.217402411281764,1.6655448210240305
3.395026775475112,7.921007798518042,-0.714040885589279,-7.27758381225463,-0.8854392045183668,7.659328896278166,5.20025920148941,3.4585700861461506,6.902072557943538,2.272315433361181
4.199558389909092,5.756240017353021,-5.679438256526289,-1.98564668250686,-4.5290374037415635,4.180619044058269,9.593818863637097,4.225062867102597,5.493980819854286,3.0762177938421273
4.771217884652008,2.2190551401439946,-5.592993828767108,3.523260497858994,-2.3821264085369727,1.172623561590195,11.660591519596542,6.408578740438078,2.013781617596835,3.456574239073064
