6.112593610080649,4.623501814326144,-5.657845704219411,7.3941018617713254,1.9692150490474472,1.7496941849014223,-0.02397823555976762,4.303470717007483,9.776415366948822,4.3102380258661785
1.053927730682751,1.179449103291847,-1.876426062194771,5.487566410038902,7.543617621447803,-2.562921362741545,1.9515437777030944,7.810086203512311,11.827804857757231,-0.9788669276813615
3.447281436590805,6.374957480677377,1.1771645805247481,5.754817182194904,4.7246208127482365,-4.484922661887363,0.7530437996502869,11.469005278120731,-1.5819265604718826,-5.577623464777249
2.0140122143246564,8.626175645389889,6.452941786631482,0.6011850058278239,-0.7646918986677501,-3.335563616992988,-5.361158802447738,9.836458558172621,2.294043883137202,1.0538420746070793
3.5438632550973126,10.08176686096258,-2.1695805039392297,-2.0953803524133674,2.717224146725581,-1.393448399244889,-4.5051686871619685,0.7117657399624755,9.202474808896584,0.8008870367431965
2.660716574724337,3.3648337024482715,-4.175097660174188,2.6200785577417953,4.6436432073429295,-1.5937598610340955,-0.6269536225996026,-2.2690935915523576,6.613913026173749,10.44932564004164
-1.62335264663135,4.393558653536944,-0.14885941062265373,2.8211159638813736,6.072807850661888,-0.6156079725440295,2.845775925971043,1.5973864057770473,5.94373904406215,11.026411730127014
-1.663462163566307,6.470312945334242,7.478508742645486,3.5132505639926634,4.732932946136087,1.4716400035970774,4.304736002785331,7.962039382001629,8.431033266848509,1.1244028410701432
-1.5579695236271638,4.53743201595136,11.437788462061224,0.8472399099218435,2.9811470754176495,5.349182215450171,8.379375581668068,5.541958844073771,-4.9958690044785,-1.0532159849171077
1.3145479241477667,5.382213220306212,11.665835057263605,0.34806694770695606,3.79811590721335,9.146230458085176,-0.4977117478627844,-6.000712473264162,-1.7421318488939552,0.24866099045330242
3.581162985847525,9.929325881069188,5.643961906304682,-3.2201763748430414,5.2154096195210595,6.162575137813599,-6.195644680507483,4.9297189309416805,0.9685526498781478,1.0319319131228863
5.686643343777627,7.249841856547047,-6.2806801714221105,0.27356235649038285,3.823153402208418,5.606019637983912,-1.2064264203186597,6.6981067769779505,8.467410130539344,1.2415650664171025
5.497454926845376,-0.08337006696414065,-5.968372708912274,-0.9637344243777957,6.679289242485222,6.7292514811404445,2.299412813521018,7.811310934585809,8.836893064929182,0.3116279053842869
6.475841036725804,-1.8210198774842705,-0.6793231226432364,-2.7382045863007254,0.845114847165424,12.210627640321663,9.080424071095742,2.9665401918039827,2.748770257194222,0.6203766046370462
2.666285280467893,-1.9337226240988468,3.2936707832631593,-0.1075409056174641,-0.34474116174995273,11.371051191975754,2.298104075896717,-6.705933854810219,3.7437770427235586,8.664109431481743
2.2397608659606205,-1.1135073365252013,4.458392005320717,3.8423862041918806,3.516294984279272,9.264410133090744,-5.133687714108159,2.975594063446438,-0.8707305877674922,9.423316567959317
-3.7976129494945283,0.22031021703985668,5.070084913578301,9.5220483923888,3.880292979253647,0.16323557083640472,-2.225378701905756,4.390355450984896,10.882030261737587,1.7815088260533412
4.3730345653015785,2.5321227622070834,6.033267597382397,8.34724968465778,-3.997363176504978,3.363814439759282,0.7471503771762584,3.2704916018191876,9.671860001046209,-3.6552340183807304
6.117067902133487,10.634475819093606,1.2212289703743675,-1.4950048934422897,-2.5491494627976143,3.484627172919355,9.380341547485523,6.241641950191892,3.4830353020143607,0.00019924823769346123
8.014414465796394,4.669540530519855,-5.3886745833211345,5.773216165733504,2.765079627700886,2.919163959379828,11.62049967216072,-0.12606335569854588,-2.9498423946284658,0.4223596224044185
7.7891042627288956,-2.269410634930135,-2.899181609179381,1.4280971854298627,11.8149566518821,5.968680436179457,-1.7226551874580398,-4.647969221602453,2.276921464442315,3.7422159995979407
3.5283664039440783,-5.221460903622492,2.617954515678256,4.503701564477456,10.472777254496714,-5.397960957946463,-0.9081328346989057,-1.7509766349161486,-0.793755939966832,5.62441325451759
-0.07967939000626378,-3.6232379203336893,-0.590971110735998,8.42860080042311,0.06759912256983558,-5.7882176917149755,5.196977552404898,5.64754781971832,0.9578107968991618,6.08234924708306
-1.9573064230055135,0.29203910130310506,-1.428431628404427,8.70793930556849,-1.0808911790206008,-1.3258739947164702,0.24469520753910395,9.084456143360102,5.604445518533823,0.44382195215190245
0.89840552567147,2.352650415580157,2.6409215505390415,8.775786549775987,0.19408686011802434,0.9234770465110325,2.0863075716463757,9.524913595325813,-0.46458992181863046,-3.994359876483041
2.7697131895012848,4.817130492962249,7.646069364236845,3.9918187403086582,-2.3641853487767426,2.7151407088849164,6.561355031830219,4.652169219191581,-5.4545654783022535,2.8933054737867274
7.979901771221085,8.431927723872295,-1.3635146639192497,-2.0674754781204454,-0.6729322317117368,1.7695400274902033,7.991270121626182,-3.42951822345845,-1.8755347650942964,-0.13353298280194648
7.754480502902501,-1.3458956721895683,-5.580905871273068,2.742921935361189,3.8205488232773073,3.7997657178157422,6.370185798217715,-2.114773274245321,3.8715037739362885,5.115487080295498
-4.503114134019607,-3.0660351084639936,-1.6163181791980643,-0.918136924610387,5.475746492816742,7.709427804098526,-0.2891884365102966,-0.6591848978481734,4.068712919326398,8.349652846498751
-5.127358467804242,5.272673548082098,3.006740259587284,0.5035441519726045,5.589165549227153,5.744462068597136,-4.200126641545078,2.156804111090632,6.503971797877552,2.5329932933456893
-1.279729543477918,2.280678843972346,8.215248867170136,4.363089771248131,4.462648868564493,0.037923281647932905,-3.689018158448372,-0.04917111640208899,8.209595765700588,-2.8450856731419902
1.5363507323650825,4.841310730077559,10.127394824101808,0.5936763850728326,-1.6716772367949229,0.48833571432146583,-0.9646525840325102,-1.7237738554647921,8.061284360815575,2.591035723866102
1.5073017941578335,6.45624807766518,4.566508840342702,-5.086329661073826,3.6248183563939538,3.477486948888738,0.2861118912331724,0.2358592449737146,7.706190386710645,7.197613748570567
-0.24740443050209893,6.239508858019839,-0.26153526226902524,-3.1053043659818367,1.8450643244188516,7.1604808075962625,0.24893508875714154,2.025617124363349,9.797230484571188,7.089349875244037
-0.8130681475246957,7.539582110668961,0.8097763792723615,-0.7506518125566307,0.8704732585606662,8.401100424900491,5.212776361702881,4.593183206983904,10.000478795381992,-0.5881124330704761
-0.14097685574366825,7.985619867237935,1.8606143009832747,-0.43553722652025356,1.805748794756304,10.921975911055643,9.361830893554309,-0.6789857305402203,3.475485464365844,-3.038905419105393
1.39013249755858,8.304834758493968,1.796735829560865,-0.9010359251106387,2.0598298464162372,12.269088887828827,-2.6499733839909982,-3.1007167752516613,6.308342063691619,3.6056813287463303
3.509919573287584,5.053915809606682,-1.076670687279794,0.7014854537186215,2.8959030067366025,10.170677975342997,-3.854933585286858,3.3194242308559607,8.568680367719175,7.4794012927285225
-1.7055994943271373,4.788424728631934,2.089936610740594,2.551464500856179,6.516909475222402,6.08745878531242,-3.086218756666937,2.7317134783576744,13.922659045583936,0.45695375122716086
1.1734453026905336,6.090330781162231,6.961599123184454,4.723334037182045,4.663923632601654,-1.7871107317597237,-2.387338149077604,-3.31067393579814,12.817392730339112,3.172882954371323
-1.7330037355009267,6.710867316195457,10.443926943035557,-2.037432584826702,2.087982199927862,-0.8133542012382169,1.6516688560984698,-1.1924261307903077,8.262898063403922,9.191522936655788
-2.00942089234869,6.558958249095512,8.808500814107068,-2.262102119663353,7.528311522946815,6.096644721907371,1.1203571707857571,3.0194040892985172,9.543019481351218,4.330761318322666
0.5028128137060255,5.424252277710343,10.814614805494498,3.6184226374695876,7.314891036593042,4.72216808718941,-2.3370511110010153,3.6100297174523224,10.100683624981592,-3.452186966098174
3.0672713929488906,12.36613373745804,9.017222094120196,-3.0915777715322523,4.462356449605219,1.882276035453215,-1.0311621284317225,2.3049545901355493,9.36575284084249,-1.8834535748211116
4.23345549813667,11.0726039025859,-7.677241119385243,0.5978789726945809,3.49224830703123,5.898455893208444,-0.5070753644389205,2.922781023592349,9.915605562818683,1.9146830602138378
1.8816636936201858,3.4928955842862788,-5.738702088117084,1.5807419354175614,10.773108737685245,1.3263713570149944,-1.172738214102122,3.1670300239686795,12.54579025729451,4.251493064783295
0.32153955035488313,4.3259057741903675,-3.7274267271110517,-2.521496849755081,9.531446349115122,2.9851363984650137,-1.222161416371065,2.379273359181032,13.451083611534667,-0.8995836593519195
2.207865985727616,3.7718278891586317,-4.888157426225842,-2.579049394981764,5.423639100918766,4.637377075445029,-3.9156711687922363,-0.40239096195170165,13.091868953159947,2.671957249050776
-2.4747436031825574,6.541675122964358,-2.5451404522898984,-0.28172766292553164,3.626308907406504,3.112627871486679,-6.379055291574128,-4.52554367929689,6.294160927610696,8.075578144959898
8.738147351566674,2.1585074615292053,-1.4945869190094982,1.9890896397585178,5.010365511259063,-1.4067099404914793,-4.8406693033504915,-1.732146305375155,-2.59450647293201,7.942162988201195
8.649322870930789,-4.579171999238856,3.9623279590357208,5.207535810353643,3.5283753646404667,-3.655346965359956,0.5743402997042424,0.4648123135532547,-1.2812203730849532,4.17968791761648
6.485840149090664,-1.2673323803428596,5.3684849258478975,7.325068492481494,-5.080883354000814,0.25476768872999767,1.7048626880930777,2.8674364901895832,1.7420439052703025,5.219876588325657
3.0171470509993235,0.4885817516226866,6.165622711919104,2.181737476225967,-5.328504889742293,2.437390212303752,7.526733241889623,4.928510524169369,4.286733500283145,6.485028422040873
2.637729701865988,2.566424843937535,5.968004206991068,-2.5202113629605343,-1.5903641267747588,-2.1702654893385387,7.208901746257043,10.780593979465097,0.9020638571476507,4.4183402206921505
6.6692040744405015,3.1794131543056676,2.251686868826934,-2.0631000025107866,3.002616825914,1.8601170991524185,6.18432045159878,11.631786915323733,0.242694931191392,5.174145043208725
9.003160240805114,-1.561041005948931,2.2542572668419067,0.8535414864844957,4.0750630049016845,9.282651852383971,9.589955336092995,0.4527311429761891,-1.6761430625870692,5.439019275359559
8.772419028865393,-0.47953966562346495,5.11216225064223,8.551284423852776,8.206663038647557,3.499908961965497,-6.573719534747327,-0.8518279888632012,-1.9498300787343932,3.7411514282174947
10.950275666884421,5.499403651830366,5.712278574116582,7.068462971072616,-5.682341717396605,0.46345133446690673,-3.7664524701833595,0.13725394840693217,0.3641563286310975,3.718621644562978
11.943354607242156,-2.0690333233876945,0.6840998168838357,3.1323624333729985,-1.9966693374580504,6.023814980427966,3.3255991696516833,1.8576556137812417,3.4812600206901245,8.683260095349592
-7.552709886557841,-2.4257164898223325,-0.4881053155054942,6.414632218198176,4.40402553106704,6.627980937647415,5.680372897872233,2.2183221439072898,6.36432559104058,7.985723986721865
-5.877052247468713,-0.5473430495019971,4.3550219843557585,9.787939250286621,9.01308656661627,1.1762512278119543,2.030191236626676,4.2353330163940415,5.345158822117769,-4.579040471474229
0.7860611926905345,-1.4093946807453703,0.2681236628114554,12.733157773017622,-1.47298659338513,-2.933059256335926,1.3493085044601585,7.105823323257912,-2.381794820249606,-4.47117426442795
2.109845192652267,0.9528559273624,1.799701615364159,12.076803577008768,0.030960260299405087,2.5162396351988163,3.3272803632409347,6.249931293494657,-3.602792330543428,1.862461496904784
6.386954825242972,3.2846719735085976,5.694904651070963,10.59256230742966,-0.15647711382471197,3.1854677985957074,6.2432900324468825,1.582366302316974,-2.4337905991706394,3.3645510783759676
10.913754430434473,8.99294531695207,2.858249823895699,2.6463006508726084,-1.092053782830053,4.221094081802741,6.982710204042316,-3.076872327099075,0.709096409149798,3.096466057957314
8.793804406289158,-7.2326152565003445,0.024061029149283764,3.2616226566623587,4.308461429617799,5.4968049550285105,3.0738669061043815,-3.535304461428065,1.7812867632257285,9.738519452778599
-5.052729682721682,-2.821142505944481,-3.645424366940053,3.42005564440542,8.72662912213834,0.245389462016937,-1.4772077287106098,-1.1368508085130766,-1.3658118449136394,10.64253977252292
3.4504936113422024,2.531540689899434,-0.8980498376931477,1.532877277781666,9.500050268898804,-0.3247138046263358,2.040926126812396,1.0262141111720868,0.5927582356139526,10.904064972654348
-1.8848189268749347,-0.6331852558412937,0.7428841023033904,3.147845823041263,10.040679313250768,1.8423321126898666,2.010915912099314,3.421486755469031,5.743097185558026,10.042993079325273
-3.8102717560471087,1.372841162364284,5.746112075666062,8.046295274753337,6.832990372124946,-1.8350694549627022,2.7819335129108542,7.567455351777211,6.933924280631423,-3.8026029165003257
-0.7315757832758019,0.19698270382319105,6.9343527903593625,7.281302874889687,-6.172075175584954,1.296073859833315,1.9509452026164233,9.223329590776773,-4.489019076183617,-2.355872471446657
4.470433469906729,2.5176520558175484,7.168893925054123,-2.308571091916834,-5.153336780530701,-0.9194135975320765,7.764700904966165,1.7968894584327453,-5.493349228616557,4.370088996622463
9.13985218822762,4.7864934771992536,-1.7869065542831633,-3.8871107541103496,1.730347716858365,-0.7960962758455239,7.426630361068032,0.4034008796687378,-3.393154558598737,0.2278349466074319
8.74461306360433,0.05673291070045794,-4.81287538985418,-0.7439736549162228,1.3722221066604166,3.716686756080489,6.883521175997616,-2.4200921610171973,0.731399478610403,-0.760363546255177
5.444928790799425,-4.735423273365682,1.6252177707911013,0.3113942838511066,2.2461358233673723,6.579421204253429,3.1938922696995435,-2.559455573705458,3.6150412263482314,6.402273173388357
-3.933822724028636,-1.7791634352208527,1.534269841260729,5.537999264374931,5.870152144082405,4.626582076316902,-2.087147150934415,-0.5572653606077662,2.5172114188552013,8.285116746818739
-3.6597828357301236,3.5456358425198786,6.606257422376699,7.775049706948409,1.9162292921553188,-3.2689769594146854,-0.37112679035998386,0.5358435228848826,4.140589432634261,5.916634190900788
-2.7013392849480637,1.8780994243433684,10.943855458992367,-2.343184643129425,-3.176494676813755,-0.21018796370452236,0.7749158533151087,2.499435558515861,6.167942005112115,2.3865232073169875
0.025695478271863248,0.12585078416285334,10.698615438700152,0.9826546042968922,3.4598878261724852,2.2549877484999366,2.6651700473388185,5.40558764199261,5.071433498919444,-2.5864205248718473
1.5982147229007548,5.357369952600037,11.135383749141253,1.4036939365847343,0.7406357278595952,4.047361054711953,6.217652673049686,4.681868091984397,-1.3862902101871124,-1.9401852672305198
2.0380099663748816,8.876111864596545,4.569935270056462,-5.629622482114306,2.6550627342357283,8.711131562310884,4.393714697841191,-3.570515317990416,-0.3458755455053608,0.030130615623785106
5.343999936289279,6.274547382088362,-5.874226065414165,0.9563418119678477,-2.679602653989743,9.289065119600354,0.4443837077091162,-2.783424441954104,1.3252204323664794,3.1379677008067763
5.04188721491966,-4.2059313893074775,-3.384073594614712,1.439150221388716,7.193265015954009,6.3872999363592875,-4.22509238286736,0.8126316029898619,1.8263142159300345,6.262544709485241
-4.488483379053013,-2.3779487404889483,-0.6615946803698023,0.0418284076595751,7.964721203176099,-0.26729818160696706,-4.579299819707565,0.700986754526244,6.97475685109721,4.669593043644957
-4.520655907408103,1.4995052018809283,1.694630242660799,2.0244041846811363,7.906979518143304,-2.2655427892993107,1.0930005667439238,-0.4674926949584786,7.22903158316945,-0.13709551005220316
0.2552599723852018,1.2765097356649295,4.6194215062612205,6.491394621450787,4.154601024468564,-1.4817052261249506,4.0220284509078645,5.864408123766191,4.429269426227272,-4.149055699950172
0.559099247286267,4.421602729984202,8.290088010262771,3.357302910544045,-2.7547048441685282,0.15004847694354218,4.2979526447119625,6.886616484443317,-4.189511531258157,-0.9298274663388773
6.120855546498804,7.201101459881666,2.9536512154192547,-4.978950695087554,1.261885716055588,0.8986200671013275,5.544353083839377,2.877957820168155,-4.526962673540123,2.8995021111195367
9.04231556677194,0.9554812199023894,-5.798509841232201,-0.7828740815469946,0.3147056848172536,4.206714673246734,5.651307065691482,-2.56175669041885,-1.5772244395091746,-0.5726704396278535
8.145303898716156,-4.0059189810803915,0.32899807613014254,0.06212691465300152,1.5753513045036565,5.914606593856547,2.3595364771418623,-3.4864037668024164,2.5637157142835227,3.691001149382997
1.1205568957146461,-4.146508094497083,3.628796089876655,6.059207984055233,4.145009751529822,4.813295218784133,-1.9359732164608123,-1.0097160393156224,1.4323532927003877,7.669552660987508
-3.415580678753484,0.3285981682035526,1.2814751234609671,9.316468027531547,3.4528110596802746,-2.5756477948422845,-0.7377804025482971,0.7725413632007693,3.2703299753886634,7.187170984281707
-3.3042715227954584,2.8049572720730067,7.744144732277151,5.580584795062235,-5.145224116513554,0.5950261393267977,0.8281527738145487,2.733154238412515,5.935244604848626,3.2226711249001294
-0.8719358751167994,0.5099850075383061,9.248630096924671,-3.5900907289662105,-1.9693354859823908,0.33389790255062635,4.647977406898344,6.375071704795922,3.7065471558847074,-2.5124261026111334
0.8610971820461466,2.61717726703281,8.756047854869701,-0.638101758798971,3.7997527369708797,4.512123532582011,6.599215486154898,4.04639630058886,-3.8945372701565857,0.12375509531389861
3.641885569957396,7.06210454866092,7.490465529558334,0.9319765812005982,4.904644523425834,8.337512242010519,0.07291305359991163,-2.9361642872288685,-1.6502845634899523,0.6147984077241039
6.444087728947966,10.057867300179534,-0.4833095959184739,-0.02533295267270752,5.788460346422251,5.032155608787425,-4.7562801171418805,3.792456395246168,1.424816461859645,1.6644522061048088
5.947381579208004,-0.442457464268565,-5.1224124430939,-0.026275019608763772,7.663729629828851,0.10143919173235005,-2.936726695536843,3.2499043842076007,8.757461794585296,6.2241269280167035
-4.883975197507786,1.3001261450525077,-1.7187677605180398,-3.133845528085838,6.463135345015735,2.4478740202402625,-1.384426812377915,1.1289094897309837,11.611949839530196,1.0581655827614738
1.885549848343869,2.835219049848469,0.14019566518238025,-1.1595156353375025,5.399258301305858,4.149871700649862,-2.7244082942066674,0.02624459003344959,11.287866290571854,-2.4210145984010483
0.5904401010839007,3.4378953418758154,0.5053540030644831,0.9266555438784868,6.111411546332982,1.448786572322391,-4.257554056759125,-3.1780624278813185,8.894040910918648,6.937134692243052
2.6668406383779297,4.48421781829883,3.758031950120969,3.195611922216924,5.399064631312687,-2.352683470232805,-0.15217215387485317,-3.6671332919108997,0.3320020963348996,10.424169893121237
8.877542866068564,-1.338549635066964,4.46168708267231,5.737424745640076,1.3627389663508045,-1.4673186942181937,3.961015446794878,-0.8434106455668584,-1.0572563683541838,8.638163372483413
4.797441387729127,-3.5019817003701337,5.393758164461593,7.713074712337775,-3.969916325410956,1.3536533646986544,5.3205883302207715,1.255125435019235,1.130536843290618,8.644287695555452
-2.654290627761875,-1.4499334146991645,2.8997358644237687,7.146523523913111,-3.5294902870531946,3.1860713583311417,9.167964480180292,2.472337085406214,3.196028333030122,8.149493046320112
-2.8685918355259257,2.280554885721783,5.680342918607708,5.367014586309808,-1.9192733099613264,2.686029428320776,12.316496871353516,3.422432268494092,1.7149237642079584,5.106334104349197
1.795561542992634,3.523482964196745,7.907261179817371,-0.6740365349707989,-1.9670047337077812,-0.45551965091952307,13.132117264111177,2.3777156850998784,-0.5162336653571129,5.579741273109945
9.048864834206018,3.6787833085131925,2.0449676839802837,-2.775414174200794,2.366175386991123,3.082121218097653,12.235578688609099,0.349494640269598,-1.5267642923220404,5.487488105405167
8.035320627911446,-3.621622015205492,3.124229532637181,0.2562189429801736,2.5261561199050147,8.68309089147277,3.138386943909126,-7.2293858282938235,1.363026910948535,8.19935725218368
5.745029410076813,-3.5706944937237846,5.264239740669225,9.582023527062258,4.2406967909519855,2.5756984998210144,-5.9601727112470355,1.641085405608705,-3.5368510547367205,5.068247238538139
3.4329425416997914,-1.9086765299268746,3.2905760690269616,12.11981581449079,-2.2033408119846745,2.7566404275322753,-2.692512715088832,3.496750125751371,4.550382619439733,5.760628282598462
-1.6995086897714042,-0.09450285072803077,2.3054612779327033,12.481428044650992,3.7048846178000128,2.930571422226005,2.138159219394841,5.077954977573393,8.333270112784689,1.064217521217134
1.8673243812180769,2.52205434249515,5.521679731887816,12.282342649721521,-1.9014285218498512,0.6581686808574148,3.877842426137969,8.534515086843454,0.8049315312266531,-4.191743444893794
1.7763293607434993,6.349079103334927,8.99629901463493,-3.27898894334378,-4.948019314034788,0.05410778898892499,9.152457086847694,0.6160607746949811,-5.975615849219338,0.6104122463640771
3.491442335974375,7.95245260897508,-4.400354904985694,-5.46535306600586,1.1620030438689617,2.2052207215371196,9.072835038376443,-2.7572448697955103,-0.5994250579056484,-0.14057809304822305
4.626505689684642,1.2987993939901064,-6.767490248655931,2.7431578312085523,2.7928613760850585,4.334694362130242,7.289671999067619,-1.5924650700658216,4.487579487404333,4.909982157008798
-2.372902470115781,-0.28720873751705356,-3.6183191768886824,-1.3880488912741422,5.312829685099303,8.63542734009539,0.5352521229932141,-0.3811821047058872,5.185617850192435,7.800491867792117
-3.041718826123983,6.192690096427554,0.6101625692720829,-0.057259127771042945,4.1689766245042295,8.170737446647038,-3.062996888417845,2.3459448160372367,7.46323348554479,3.273744999380032
-0.4094941388948289,6.164499783052364,5.106454591876678,0.9984822704037737,5.459675396829855,5.2355930466557545,-3.253820447794058,2.5938498781770827,9.387424114816898,-2.7593912442232087
2.610577332571825,8.875414206095096,5.6895483442140335,0.9544036089741478,5.688987225578464,1.4187544761252129,-3.106041604607066,0.1679779921276161,9.630538376817844,-0.6552758383009536
4.306888267123083,8.481970107151813,0.9724658223941081,0.2199872355181925,6.296661101330673,0.25885020699523276,-1.4176141560227067,-1.6636930090319868,8.282791547933474,8.727364381525287
-0.3358082710183925,2.456085588540973,0.4478398401324316,1.9280627039107656,7.014580816136213,0.11000774104564257,0.39004677614932415,-0.1845383044339589,6.085044078487153,14.18311876743147
-3.2389919974591344,7.123933534192095,7.738126289767644,3.562215220913905,5.358463284798398,-0.17314312472486687,2.1699275623211167,3.5165099508380893,9.144007196940866,7.800424344891657
-0.8289614002919777,3.0602386754470663,12.97352348910481,1.0795373562048773,2.554634189298703,2.1670591260692134,4.342746021689322,8.877754475744151,4.4391389292931525,-6.020588928344319
-1.6243792787716516,0.5643327997931848,13.367694449750912,2.628396308106831,1.333116834343985,5.382130361358449,7.714502207270422,-0.18936647796834016,-6.34618927010158,-0.06445683800628632
0.5433328671669345,1.2031109225971932,13.020040387728198,2.4458517196915754,-1.4105065005418345,6.393425596110315,2.4406588789926693,-7.182961572837479,1.144373153301603,0.6585448690990272
3.54904339619583,5.573450743678791,10.079911311931804,-4.45025828376039,1.4248015664009674,7.079942256337849,-2.662333187457947,-3.640969765308712,0.11609901890844265,4.07508168999268
9.350588412900388,2.778509793954652,-3.407220193803858,-4.235214490205473,-1.6226486003141811,7.97569247882573,-1.3645748508779434,3.3499674034381655,2.336697541606886,5.544413338113995
-0.9757959694080687,-4.718902216531389,1.7709517140718791,-0.9968983646683651,-3.163358399517427,4.317556118492774,8.768046391507145,4.170274381862734,5.605168986445537,7.1768004409621415
-3.7005090277813046,-0.6613815428336134,1.8145637211002978,1.1465657865055294,-0.8344112912323336,1.5529161611834201,12.502833593821066,5.742530092415719,-1.4531506271780508,3.1321029700744707
1.679733489467023,1.6496007676487134,3.533388808408361,2.4364650922213786,0.9599846226549746,3.2921751660948835,11.910096751302188,-4.038545900296781,-0.6692173172659062,5.3920631068715705
2.6740968063957817,1.781241711838517,4.8628407105733755,3.901663071584666,3.048196512765545,6.2322643054057085,4.629102812658211,-6.003511290854611,2.6300819243306406,9.534811219136035
7.691009774191862,0.2785768652316216,6.059510924199837,7.896022387258572,3.566003400502506,2.7197884184934145,-2.7466784240395627,-2.546429077693973,-4.380404388319471,7.322628380897244
11.777602981186998,7.2617752993982405,4.8489143176096565,5.805021645591687,-1.6560602578940105,2.7593038831384,-0.5533769515893265,1.7065098664735365,-2.331336459945593,0.88862476163066
11.975779918856405,5.384231806897867,-4.900605264127629,6.3231044688421765,4.756644431607917,3.7656707355888024,2.3095417902698774,2.0401480071563456,-0.5090123550526038,0.32333179123685374
10.993459366421385,-4.879151609232293,-0.42712517262934435,1.1638326797284466,10.653659264704377,1.8516438229432048,1.2479498669633897,2.8437773040632894,1.248455828509902,2.5502742803465193
4.438296121033721,-3.9453121885676525,3.9244918863181466,10.92184085173141,5.457164197542051,-3.6757534523304995,2.044332103715287,4.9309364336675605,5.100386101027436,5.847844654423599
0.16412030876352235,-1.8244760788217351,-0.8839670578169182,12.08023375267843,-2.3203389108797396,0.8226071538116173,0.4426833665528627,7.719470038318335,8.161573750494549,-1.870806601074169
4.26628843751508,2.5847103619486216,0.9503149279096577,11.577662087763965,4.119922407227053,-0.033782270658056945,3.9538062353245,8.704199452566435,-1.8064533809930157,-3.769042050867074
4.943362393023093,7.627375909503737,8.03404099957814,5.476395891486655,-4.11414765391472,0.5506693565781882,4.416620915362322,5.464336475298673,-6.309343174442687,1.9488716207594883
8.145863323495844,8.924541975766205,-6.039374028562488,1.363393226964856,-2.2378222363744813,-1.063322050094032,5.490308993552027,0.9345087186979504,-5.30214702767289,-1.5628649249939763
2.5977133617577124,6.400345177732783,-2.0505426678755208,8.535460382052678,5.673055695666195,-0.06639291134668168,6.243181122977483,-1.0728794126351133,-1.935335077433783,-3.512845924451173
0.6258173214215884,8.154763101861118,9.191347255250738,5.654624814235858,1.0894062677630316,0.37668810690258914,7.095992908923603,0.9054035515292566,0.7244740785767353,-1.278175679598363
2.0548950556369174,10.121585360901612,4.073526380255364,-6.565615086663325,3.2302276612232625,4.6950039017222975,7.46780968721432,0.8503208437233258,0.44479198817667,0.7274366785947293
5.927819343045674,4.954896430219311,-7.478347289808492,1.887999566227062,-0.6161690296709633,7.335845829317112,5.068934651222045,-3.615165260673969,3.0398514015463554,4.588193905370903
0.8237384698649008,-4.883112217505166,-3.7551752242986796,-1.302166826996682,5.508287673459589,6.913379104263145,-3.532256915974747,-1.7428094148656363,0.6280990317729803,9.156536902436413
-4.453608158887811,1.9199947786988858,-0.7455427662651479,-1.892064358328942,3.0394874648284658,5.649068370831514,-4.000056204039955,3.549202932227383,6.100051631637349,6.635536470907047
-2.170700653186646,3.3739204698300305,3.4586768070511753,0.07965782154828016,3.557140602428481,5.593271803646879,-0.9968232790348229,3.636288765831818,8.790148951540536,-4.46549321232621
2.5630231596267405,6.770340197476935,4.545167730088682,1.802562842763091,4.969736253703613,5.501798642144427,0.8613307830927637,4.675949642131698,4.497398071918684,-5.867449943563024
-1.9852901047164155,8.253488764049273,6.79079874721899,0.5801641710963674,6.045135983823231,6.496314374707321,1.6725391824709435,4.556011265236766,-0.20516755771155182,-4.1353291298370785
-2.609624419832273,2.488239214724705,11.300188991688996,4.296453215254755,5.875428390284812,6.584602731334144,0.408840216886645,3.986839815406492,-0.824871609031967,-0.3755776488562568
-0.24118243385119792,0.9924056695795476,12.906274913310467,6.427085771057471,-2.909560528888845,5.171957810056616,4.090262392293672,3.790222221220651,0.5540937903953735,1.524497337770656
2.486966669715711,4.448675220572316,11.02954513398147,-5.740585648355424,0.061660725950179796,2.4556160191351153,9.224408742616257,0.2692759454806498,0.8252222427798404,3.0192745650465698
7.0240605121758195,4.676848534447001,-1.3702694254532752,-5.852592182341,-0.08599306307176224,9.83149453672328,4.166520281943679,-3.8336332491957394,2.6445810666350624,6.712295276057311
2.897808157934289,-5.372747013082677,2.084728787626427,-2.106975867092719,-4.66635428513108,5.614685686878376,3.451756813446662,-5.389540951466047,-0.9691635051793066,9.59472758725002
1.2838769724445007,-3.592022176238858,5.10741422801539,1.0388118836967288,-2.236725737887363,3.918877481600117,2.6061397242846587,-6.802639283149377,-4.238798294559327,5.794882201763394
3.617357155013633,0.6315008077211686,6.060952589169237,3.1189702541775155,-0.49316088975212224,5.1653770038970865,-0.3762526743492576,-5.562482574895547,-3.2925722141955562,-0.2715273932336171
3.422959067893491,7.10169766827671,5.308004194810258,0.30241118582008064,1.1942061536482116,5.850292530913655,-2.0011118696535095,-0.6730633861672755,-1.0108448009180844,-1.1211021644394223
4.372368416034374,9.12211474852492,-1.137113701813987,-0.7020265266985182,2.0302922561467858,6.5080087685102175,-0.26443029146379404,2.7604051399173732,1.29637441621798,0.8709339707685583
6.736216943981926,3.123875022998021,-4.3888107084550585,2.6366528923370245,6.467933854220261,6.527337139016213,0.9773474896793457,3.4573344240485864,3.6804523791761694,3.7393514406071775
0.5938116838345393,-2.58062135765998,-1.3822518681931089,-0.7744479431553708,8.57850328022636,5.294413314542952,-1.8315874570177944,4.3219440130537485,8.942226119086504,4.859071342262959
1.1104648317398795,-0.07333501202566073,0.623116204454316,0.5902027295435125,8.42510489033192,2.5796245215503695,-3.370204842171749,2.014403380246792,11.419949974969674,-2.386934506229416
1.0477270218365047,1.9718448611680381,2.392675383320812,4.120101692873208,7.437869445993327,-3.1392520528644337,0.14652613773348988,-1.2392648559570507,10.724891603192397,5.397979428650135
-2.3373185114737196,2.251974850581992,7.342093440375401,5.6046889478240685,-0.45978912764219837,-2.952025322850507,2.7939579213742203,7.221136949810463,9.425706790141465,-2.4843305085331844
-0.33838693117505986,4.278399193019632,8.372133849274913,-2.4179030704047904,-2.445057823238641,-0.5017567898110666,1.310538666552898,9.398706028074086,-3.0289607124449143,-5.336933917674612
2.3250689634425377,4.218104768822391,6.1037288845237825,-3.5028145957974806,4.565680342969795,3.511604461531898,3.3965599235371315,7.326623925149344,-3.364614044091579,4.986365316514271
8.98139718327479,1.8259870300505052,1.162498002763023,-0.5815866065651394,4.707729428645009,10.07770074067725,3.367463964032621,1.4384790660065583,0.32795003546617163,6.155989163865092
4.064772487721846,-3.8480209937642744,3.7787214896977073,4.776996901598542,7.385606697255617,7.652654191708207,-3.4858616563398064,2.79977078385805,4.092448759644271,8.609139525173273
-6.251824529313098,-0.15389885591207242,1.2305371743176547,9.990917626551132,2.9726971192168117,-6.176613266932428,-0.9447640948410649,0.2922282167504733,9.309213305629244,1.8639310647958385
0.6062154774930191,-0.2553346978690647,2.274338944617301,8.995409904026884,-5.287065336141192,1.6621474141425225,0.07407251490211031,1.2872815137228903,9.075374869396509,-3.9507994812846503
4.976645671933382,5.157113359915184,4.74207965878756,5.859115667084767,-0.6083807720144228,6.1422422819679,6.807475100209328,4.093457606511203,6.331051541155352,-0.24538703404589168
7.226244828107163,8.750387614064584,1.9166631860468342,1.6309846740458154,2.6240904757831784,8.298804534483555,9.488183061971252,0.09404627992278725,2.8676432360127206,3.3324327752097638
6.7146833368344785,-3.8200226621643463,-0.8758712852126851,2.0245992541237534,8.03213057895558,8.664553568519539,-4.230284525552406,-1.9114874998052886,1.7085827364356951,10.74735290752799
-6.6093955703546765,0.03531128591211008,-0.7820399705345107,3.337946016684621,8.605611346135499,-5.854512365248526,-3.245546212080778,-1.2169907730197158,3.7081252367206394,9.465611124571367
-2.153237472601991,6.4640330500467345,8.43006292210938,3.055401876775514,2.008119207813121,-4.947154714702213,4.829072865661462,5.551436787045395,4.481167456804985,5.59042780985643
0.5276104329154258,6.7069854553666355,8.488024688860769,-3.041627545089363,4.590148434141701,-0.6547822903893916,2.1055256322832414,10.75771905854265,3.244616502909862,-1.3832136362470915
1.2527171652952918,8.008959923959413,4.528586328591151,-1.835716981031213,7.005897505953384,8.57703712927334,5.06102540730875,6.843901975932441,-3.67417789672347,1.414280687848445
7.474178930775263,6.668790876517015,-2.6718225874971093,-0.04307963830487416,5.831893147252574,12.413542098178695,-2.40040583038083,2.4369300298115313,-1.6285128780963738,2.137081628068981
7.10771272240208,-3.102751043009858,-2.6577904064908786,-1.695658375950655,5.9670018720180975,9.341694941377504,-0.9695584943374289,7.932564402897129,6.496845804501144,3.6820207959003177
3.4351606153667293,-2.1786533732528586,2.97817495598306,1.5728024497569035,5.302165031416787,12.651862503045955,6.327842787138188,6.254078192478696,6.097298769762485,-0.021121328028511854
4.022557477640481,2.0645550930890657,4.746131659692078,9.413520075372269,12.52791277841746,3.840008865933201,-4.620104998965511,2.8969402222091833,5.608211186459888,2.3885116100999975
2.5810533498765396,5.29037412086455,10.066378809679382,3.019939656676856,-9.57508938102944,-1.0199630800016748,-2.5355960739710395,-0.9382950243231046,7.240692286262034,7.196871547349884
2.518684276426009,4.5342824315657,1.1412715702891187,-9.298531498307835,0.7127092282233152,-0.8952571648846935,-0.3455260674316334,-0.7078842776723524,5.5897900014859925,11.781695133477324
-1.978091850702591,4.428582342391757,-2.1273755854010377,-5.218611803126922,-0.23663865747729632,2.3523961380572036,1.6538988544483493,1.792620140782398,7.3035070023134,11.296460531262076
-1.9602424082789414,8.969839690916968,0.3652890234067656,-0.7151000983593196,-0.377309284599797,2.9682365448105434,5.617420784741766,7.266305974719048,8.58527938888398,-0.012171019725816024
-3.157077506028628,7.107123587802716,4.092019034125687,-1.7738466229410408,1.2527612219812607,5.2755431288674846,10.696239800319853,1.5031177814202437,-5.09619721987152,-0.42082815069973156
0.1619370846544772,6.526956128861477,3.6051929981160598,-3.6553961902075374,1.1857948583617761,8.761365494790644,0.3419874983458664,-8.092268459674296,1.9586654886249373,2.3292519855789817
6.049233505891234,4.892215629225267,-2.5111787592097317,-1.7659271817271003,-2.077935542576586,9.284135092360652,-3.1118226722244255,1.4318764607079875,-0.6476380524119826,3.65565232614582
5.758715270519755,-3.373531352789864,-1.3026085541871157,1.4391378308653477,1.1425309692297918,9.462912991416204,4.577100854129494,0.7890531919862309,2.4593208648736145,5.905310375884225
-2.6836327078358813,-2.716726170680386,0.24406739276541056,3.3852704383825474,6.659136980111247,8.620183870001824,-1.998175055053609,-0.17727348832234968,3.21812405178104,7.640098866973501
-4.738081774869756,3.095603745613153,3.691136976279798,5.896602382465812,7.566724245264082,-4.2287965369125535,-2.7912026382046764,-0.2620828092495153,5.932265678475716,3.586287731914585
-3.1171148398912467,0.5977466458252373,9.122576215322113,3.389995741429934,-5.404997937301834,-3.303440368210098,0.10150489909342186,1.8307785106553727,6.530587930165495,-0.22154438872176596
1.4432867567731604,0.6533199999040027,9.284838421091392,-2.7739588514216873,-1.8078848164173489,-0.689734436627879,-0.058772241961893526,2.8365331506109066,6.520756207803404,-2.2941985650629064
3.7531577061959998,7.094261773958349,4.582264312218271,-3.4375355444915856,4.354919266296437,2.8814157722491585,1.7950722061409805,4.828197450202489,5.410183476384959,-1.0136620315319114
4.601260268621273,7.6355841886324,-4.128191677126125,-0.5052781801162831,3.283936946026966,8.210740301193693,4.567405060730672,4.50107244556823,2.9602795668599335,0.19127683103684984
5.914548428729982,1.2589177041363753,-5.205967367599544,0.780857122953672,7.728325644971585,10.344295349592386,-0.2654703291082168,0.9825741755886368,3.0137789536807844,3.4731176846291665
-0.1598815807728593,-2.751703864618745,-0.8082678402131447,-2.442664507920683,5.252136767986423,7.31193509868173,-4.888971530920531,4.147272342623918,9.410931284834714,4.223044465824645
1.6439915419164852,-0.1982767197307379,1.307938734800268,0.11800486330356053,4.581371836958228,5.348431241734033,-4.04288439252011,1.3518971234469532,12.0929728134323,-1.9691714697809433
-0.4023315345302143,1.9154033446184362,3.0056342186885017,3.4626882308766285,5.512362949937948,0.09001788671367994,-4.474398104540664,-4.05830371143884,9.35731071481606,6.8222677981900075
0.8451479607630648,4.425325004240361,7.895269830312261,3.8908477772970094,0.20935663531529847,-2.269108990477714,0.9471623723834546,-4.06157578685015,0.05309481195375465,9.764256750070157
11.216411643471769,2.7403361938476674,4.309605949254158,-0.9403055405364363,0.36106847758727445,-0.12707193240568015,3.0846037072126675,-1.6853802433918739,-1.5521746830251584,7.4863866817636495
12.151280516824999,-1.2566873131078649,5.119914559013592,2.101535792007417,2.0443513764528407,2.492967427736685,3.7166878357111526,-0.9216378797250815,-0.07183937490776547,5.860782882618274
10.151832282295823,-0.23663237476837956,6.869781672725213,6.1513336776974725,1.0033033953963961,3.6401531556746263,3.424781289796334,-0.5609596073684207,1.3197353848622626,8.038957795050663
4.863528283480045,-1.7898990917311677,7.4062956025590365,7.805555423242439,-1.2609204671963574,4.931370644913871,4.574900511492285,-0.22077420655339602,2.5513215164327177,11.227734080390164
-3.3573038119893397,0.3724259611992389,6.278378596859063,8.29465367835991,-0.49262966547656495,6.459902617807253,6.203334292605842,-1.2250377105743429,3.2730722780070485,11.355855202164822
-2.1405992878768423,3.5076904693880286,11.274990856608941,4.3206182955778445,-0.5734643174619424,7.1185805742541355,4.430109569948747,-2.881862938366738,2.4831362562883177,10.35111952162118
6.249882458473309,4.618538026258673,9.565071899106268,-3.547432076261782,1.1842404121905092,7.701694181882301,0.9218611121591431,-3.775190569489469,-1.1443859249936932,10.577403117984273
14.346522570221424,0.216198916492093,2.9509787298960903,-2.706999802603155,0.7274564136136827,8.735449173358669,-1.691829086234819,1.4369087934199314,-1.9285651683883218,4.516715080414892
13.418948056816248,-0.20255530714751985,4.110500928281577,0.015257103690774501,1.1162828988372262,9.252222986076976,3.121547899644891,1.7681491924240207,1.6954002704802433,5.715193866650007
5.035731725900421,-3.4088168823365637,6.967019536252068,6.806194289146665,4.260856984314373,8.87242358766133,0.7307967028632203,-0.06373958124214485,3.4319538048457137,11.144817302953204
-6.98639890326199,1.3253822937931117,4.246954195749565,13.604734893510459,2.2293022851624826,-1.160671912790786,-0.7353827149491989,1.3443214301275306,6.31085090026723,7.789715225293327
-4.8423293639453675,-3.8606309497247495,6.5755595493714925,6.794318240500074,-6.859978383640869,6.225450659951923,5.347678294260863,3.19580386193445,6.6486781300855835,-3.7673573704746466
3.710489088369608,-1.275917109186604,2.7285323130084005,6.8472460175992556,-1.614992039731153,4.528402572771103,12.923989746762947,-0.23083739182042695,1.7068713224925562,-3.349289977089585
5.065692592269996,3.9608375133161737,4.601890071383289,6.502152208021855,2.1549900237109796,5.876223644168406,10.938980851778982,-0.6660737034170924,5.670200297826623,3.277853661853653
3.5224354938262126,4.167675765606059,6.96325963491507,6.643169962409503,5.202610330150819,7.844402345628532,5.43849883996781,-0.055194760761065,6.608645692640723,9.89251273227713
-1.5304710802129142,4.512093087773439,12.530455743979154,7.192599274910743,1.3309866381623192,4.5741137743743465,1.9795521132159761,2.0740103628370012,8.579822925065105,10.024436003119275
-3.0719905527458513,-2.0499334938903635,14.977633202521476,-0.14317834738785262,-0.08227810471194952,4.929401986343722,8.019722166706474,6.989064110290689,6.545444327797408,-3.132422540227675
1.0637378118426584,-0.6489273961320348,12.388825562915715,4.273590938175018,-3.8570421545425804,3.8805653718207838,12.631366173048608,-3.271286337119993,-0.8185674286766653,-2.613019164397076
2.8760946236024254,5.581698778678735,9.135465519409497,-5.895980535375308,1.9645091452752994,-1.00098642919727,11.72450722411471,6.264035697773895,2.590003735742314,0.7757272390723713
6.136160907917555,6.716490977428393,-3.9003398476598354,-3.927319843010337,0.0966181584546475,11.344261211605762,6.26216259830153,-7.002188307307272,0.08970718042306736,1.2516898229787197
7.099748801136639,-4.011078696585725,-3.99041156609133,0.8856655711297068,1.2716653945659446,10.65516270409421,-5.3604332119273606,-2.5971491330683647,-1.9057046608859058,3.919270520203483
3.117268247444759,-5.432242150247596,2.9775109991273276,3.4012877824345233,4.478451816425729,7.907728185720653,-1.1555471994994728,6.844206396485775,5.091420784760093,3.7112269033099454
2.4757617972482757,-2.2770358591415976,1.0679553113156142,8.671154816124021,8.31500078302106,0.7844011304739738,1.6250775387239518,7.957340630626521,6.128172705650005,-2.0611360613018523
4.889152813002421,3.394324736656637,3.027699745404922,9.873881982684331,0.21895723569888226,-4.8535392998292135,0.0008046304475766153,10.088049827238798,-0.47187644750606883,-2.1555578680448617
4.728485102231078,9.711791111647909,4.427414324780371,-0.17703565348152672,-4.969399742325444,2.5979775629751565,0.5824046913331631,9.601510981724008,2.245655535566975,-0.7030547411059105
5.711131217922976,8.840237072753238,-4.2770744425371445,3.564147031502625,-1.9014583237655296,1.074569813433377,6.294586832740918,7.861553291325898,-3.2783147235232724,1.2213999973822371
8.725598942127935,2.4160766557725415,-2.9141571294995954,6.952895969616493,6.798287117924445,2.7347383477123195,6.999852667850542,-0.4745112952224413,-4.733690335958345,-0.7917999003617346
6.8717993397454125,4.187326438561698,-1.648113911040928,4.767586518438727,12.317430039558118,0.9654351635705536,2.0197393438861115,-2.4793295184715,0.9033100643041831,-2.1166223057818896
7.2990545089859316,2.52450869685729,-1.626917399018638,3.1904312572936457,12.868537835066096,0.27294386055386277,4.08976090425147,1.2263231477935268,3.033216860891191,3.097715436526115
3.058448586515604,-2.5401802452588034,0.4952424122146789,2.7803178369228707,13.706641461860057,2.780842685485321,0.8522295767527632,3.7394366739750935,5.732529523961789,6.47997155436228
-1.8456282761354232,-0.4888200316033249,0.9504755465788075,6.13572087433174,11.324472211704194,-4.014701203957627,3.1307004581548035,7.104318147133355,8.10460147545607,-1.390370232636605
0.865798040525092,1.9954749967010619,3.403147664248203,8.433776371255874,0.8692710846539315,-6.073799937150506,0.07580546298934743,11.850659341240437,-4.227758677525534,-1.4057053272564097
2.820713669339494,5.096297841586213,6.381611670189037,0.9363838157971709,-5.511480107990225,3.225203242355378,-1.878855880780842,9.595870357932517,6.853949654956232,-0.5227578169892428
1.5272222933030342,9.116502653846053,-1.350059678079155,-3.563580540570738,-2.7256351045490934,0.5671450026025586,6.365811190627655,9.14095302255949,-3.2429028019962614,-2.215593569028019
6.79001705746183,6.26660631253905,-3.517121998866345,3.97584030852896,-0.046776584571465774,0.09011273458986133,6.8556968385307115,1.8951240937536888,-6.728608437163814,2.184771167638176
6.22303673543448,4.078699206349053,-2.531440752093844,5.858753602565174,6.321142373299903,2.376206187832334,5.872794985690744,-3.7740245875101444,-0.9183326352874737,-3.2073684348658302
6.227365512045634,4.371401351252935,-0.45073613008960245,5.65524019218974,10.408240374460041,0.3483383038094423,2.5390609612383326,-1.4170335829006389,3.7950185230762794,2.6487836104675835
3.966054866612071,-0.053989470589664856,1.3313144964116508,7.11221717970164,8.397040488014106,-1.8991939390693564,5.4832470107747415,4.96474556658181,5.512013622627335,7.335451066549558
0.6263177033000349,0.8291315547253109,3.032665978120833,9.518987649282845,2.031662196279922,-2.3735543961767394,4.46535894268596,13.503672171964332,2.6178485711863995,-0.10501964865387059
3.1890716001863026,3.7097006542875706,6.630429690178622,5.105063846991818,-4.95191304438862,1.572205962616664,3.9151637432211888,12.998511895568456,-1.473023697098314,3.1460897914156316
10.623114138585132,4.002180173170291,1.1749749753416312,-2.5018718043768136,-2.5286902289530326,-1.3808608529060291,6.748658686014446,9.543031207155018,-2.51798900290948,5.7936918985851875
10.628176044676177,-3.9357538337367326,5.289171661459478,0.6571780845722881,0.19260488123639474,-0.7163869274192917,4.6333161174956095,9.628484311295118,0.35266308453121065,5.9404984522675255
5.966005165549065,0.6965154075607137,8.297223899880198,3.6146861184519556,-2.1889529642509014,1.0155911758883396,6.357250760634763,11.71369189875939,3.423198040478422,5.1901770272953724
9.059685346623752,5.182153961323549,4.013654032004441,-2.2662714302515403,-0.8350972856489975,-0.02844631909571932,8.488298312110793,11.324234977064716,-2.621332767357801,5.0822827865087
14.15681347300113,-1.4086932256189695,1.714485303419706,-0.5914308996151241,1.228779628960932,2.585860151066046,9.59012976229241,1.8987255968107306,-5.816934860102476,0.9825157919850191
9.859882182964284,7.479568529559312,-4.733201323070245,2.3261754311286236,3.891789920984353,6.480712024816962,3.79250843619627,-5.9557459493649825,4.366716484203544,-1.1140910323697226
3.7399729850824204,-7.6020806252740805,-1.3088026156877457,-1.8711011271106917,7.834271353396833,2.8474099756579516,-5.6613687240133705,-2.253193338585809,0.3285241190931868,9.12768524565905
-5.038241805639587,-1.8323766036276559,0.19179888500243297,1.703576669253035,7.8049208622804,-2.949997124838834,-2.9560950746831463,0.1750237296372194,0.9714027466295967,9.107080219817673
-1.718827893118335,5.080910572182882,5.1375338371576085,3.9969739030619253,4.865037222225887,-3.4718023200847288,3.31469570224428,3.028679674305142,3.69439686863785,7.341651120146345
0.8392479728481298,6.225782019878321,8.851555773549702,-0.03453160925448673,1.0327612512460764,-0.9329057521752229,3.276811879660542,9.062778924123718,5.771995875319944,1.5054835710979957
1.4497395509087665,8.752340179006952,3.345641654386603,-3.8160629609196324,4.415421548343809,5.189273551002714,6.1606850582655435,8.943614572761351,-2.6168771848578998,-0.3375510483820199
5.273962103620913,7.0888573938678965,-4.766211321322836,0.03112539430345862,1.535738201193948,10.95053082973235,2.782698115423997,-5.51371012556254,-2.0983021335069605,0.1425171766488894
5.966469782286297,2.2375919637658934,-5.230831231234964,1.5680902050542302,8.016613099364658,4.277139341213683,-7.650356646063338,3.156682847905797,0.2862473140682644,0.23018502802565113
4.487615024559253,-2.5876966908831047,-1.719367315847969,-2.8928441267894036,8.521297354893393,-2.466889278618263,-3.4571098895331343,0.3070617647229791,5.90232229815839,4.439765424384544
-3.7560210186890437,-0.6696943456356639,1.569051296491113,0.4704318535371441,9.190502718994805,0.8100376794582671,0.07333875193751616,0.6047961647582976,6.6153672606760106,5.455348299723394
-3.492914040629601,0.5797196902383032,4.209874369828733,6.1442980263411116,7.253895384120325,-1.5714191377047695,1.624093027274685,3.1905602530634933,7.282203134355706,-1.890013233963773
1.7580102330535459,2.122264730177132,6.056382761262802,7.849686482969085,-3.2932804616578037,-1.3309967653562302,1.613372237988985,7.231417856894503,1.1355973070717162,-4.877576104423605
0.7524782047195924,5.607753489597607,7.022586929224304,-3.9501502971888307,-3.48058767704816,0.09333334871991839,4.453154984131981,5.946676105065196,-4.433907419816099,0.15026618794423996
6.696574020843479,5.320549079846153,-2.8348767516431352,-4.878878550859698,1.065213575593628,2.204980026413285,5.463977673327714,2.3389056528363645,-3.9584820195897175,2.6508765845830187
8.577413698043213,-1.917045579608818,-3.0334076850662273,-1.0574785263559043,-0.5457422594706896,3.3994649091490565,6.128083704734034,-2.507067981037217,-0.8159112036762148,0.1447571186495647
7.104085979647719,-2.4391318742972885,2.9001912989080627,1.2418632385946329,1.1477208124318947,4.703235865517347,4.554680227360945,-2.715455805126458,2.974140550928002,4.935139651513138
0.15169070202728374,-2.196700112771737,4.171621554982911,6.486315252558676,3.4818339119909156,4.980708042052798,1.2515203472138516,-1.5831640976805539,2.5249680157067056,9.030231421583316
-2.6455081104265687,1.7121339029976563,5.062265134702716,9.938203964658369,2.2358616038611165,0.3614549115053851,0.5638199058916435,0.46224017113723104,3.026919306469701,8.56027509816352
-2.57200795096286,2.7873130259191976,10.558704660266832,1.9258558702824533,-4.901500714105813,2.9857131436211506,3.8999352960011437,3.147032551444566,5.740516829994434,5.287899566406307
-1.539813390852531,0.42432304455882686,10.58600989366836,-3.2189136633812074,2.4259904418619023,2.410468716906804,7.485161340937431,7.456505076148662,1.5953036966307192,-0.453261249485974
1.0319464741109512,1.544875052034682,10.743532188264457,4.990411148832196,3.5290602023987265,8.140450091362244,6.158047543786364,-2.8491719127268818,-1.4677956612093834,1.7746300759023683
4.675234502718901,7.5155562637540765,11.747774007604033,1.8219591144107086,1.2833384717738636,7.102101244684482,-1.9674618431709507,-2.633953321620814,-0.11411016514011357,3.11384113110749
11.51928469224009,4.378172315399717,-6.3324210647079004,-1.5482173776544452,0.08580578575719897,7.628912524284633,-1.1816461012957766,2.5612266108121187,2.126208981695334,5.220209301800541
-3.1933730231990136,-7.670359953359563,0.7437446380317498,-0.26795764063138783,0.08777587953871385,8.00462794234273,5.267179815075475,3.01946463022414,6.447157283633515,7.488403561146077
-5.7969964759024775,-0.8317321618071513,-1.5486052119311602,0.8764291387705598,2.8399955732691327,10.084848275086712,7.50335772069606,0.7537479654439535,5.33979940680422,-2.0873184951710684
0.049519868327531746,0.34374146949835843,0.23966148235427642,1.9638933170866109,6.998827532254593,10.376817704635732,-3.561881727593784,-0.20797784970569544,6.749662734465034,-1.810007000466937
2.044747668857801,2.4367849204434595,2.5517294493910563,5.090936124639357,7.731867040638862,-4.7149005607440655,-4.831956084276781,-3.477878745816428,6.781654074769586,2.714709786282551
1.2296679991094166,3.3040501997243474,6.155160000528251,4.670302874952547,-3.233029925733723,-5.354324765399187,3.334209382033634,1.446952966820822,4.925518209759147,7.930231699066829
-0.7282956393121229,4.372868835579167,6.553596874537985,-3.783515700616553,-1.192347392884165,-2.97688322803032,-0.8195450453079357,4.642913174835455,9.692144598359892,3.1456666154853448
1.9086035863724664,5.686459288919253,3.4927211600760186,-3.2124500016291617,5.551175018588603,1.4300831809760377,0.4223014382571928,4.6666950587735805,9.396452771774527,-3.3917648015149124
2.865421439908993,8.870009373479553,-2.0795701064097476,-0.6995075036752776,5.460098685427006,6.347959056014137,2.1313371875971625,6.01270289831084,4.265805258808859,-4.127611682072279
-0.7218832754320569,9.332647432512811,0.22885992583529102,2.3154636311797923,8.190725945058347,8.503874105211526,1.415166348474316,3.849250632595771,-0.3240425834440941,-2.489126561398465
-0.8349978053371424,8.238831199551635,8.953914814722989,4.278748068880788,8.57892752137218,1.4722561732996775,-2.024862515084384,5.538241602376811,1.5833610024562783,-0.5805274192038092
0.22976695960456978,8.16880139631013,12.82553372182879,-1.6999301867615682,3.907079571834519,-0.6501376447632543,-0.1383043685988875,5.836450512296963,3.131334139595692,-1.4948335404495268
-0.20016056085663572,8.841754186442484,7.247959761947679,-2.5367619272573503,9.029760735671045,6.2644769077507085,0.7206500109037091,6.441699985418659,1.4730014718282312,-2.0721781553158065
-0.618365525678759,8.259413641049768,6.831790281911934,0.2449418475704953,8.996867193041767,8.432691834898847,-0.8687006425912377,7.398054771218536,1.2569910208813129,-1.3307872054100756
-0.42629086077343187,7.716077332151983,10.84675662168874,3.4390586084326236,8.128758167359129,4.6168596717402695,0.03640357880967465,8.517189027687236,1.5301501344127746,-1.8051286799815216
-0.1153125252213063,6.961247726376064,14.796735091127852,0.15967774919518818,3.992477978475852,4.174633197155589,3.6331901087043192,7.548349469302119,-1.4211518396590619,0.022949257840583936
5.264304251599256,10.609086913105616,6.198952294983791,-4.396614730070083,5.885319386627478,11.835528902579624,1.8936981222363993,0.7890631869889484,-1.6238333543421306,2.5747264596933155
9.802656540918326,-0.4598085028980661,-7.8560118005087425,0.7221726810457831,0.8940986373361424,13.107654745546961,2.303119866247152,1.6477370354615393,1.2135721929246457,3.848201103168546
0.1864559648376677,-8.269834039590743,2.4527582910306993,0.5778786008856738,1.3314018508944943,13.114452675767323,0.712745972053767,-0.5794883520527839,2.6621738582987367,7.045895522830351
-7.215731951196129,0.12721635907409246,-0.9209280778596514,2.992292253841807,8.056832616758605,8.028458902176638,-4.680132921518175,3.342765519528797,5.631034824703788,3.161920820598147
-0.9087715733870638,0.14560849574611884,2.4279608561390993,5.829342235981699,7.269893266360262,-5.76846169785054,-1.8111900844536089,-0.7265961888654227,8.217210566613385,-4.764420157644458
4.124343673507093,4.4796749980661135,4.981079755994945,5.3498926830065985,-4.251252897044817,-4.465049724583704,0.3753067958945273,4.3343412893609825,7.778550978528245,-0.7739716366598546
5.18299668342863,8.185362845940054,0.3868109210919437,-1.6599130513387605,-3.519823318526302,-0.2547932101704041,-0.6716777292512599,3.90441312116073,9.134560599054572,2.0155805712283676
3.109220819765768,3.921381180581727,-2.4582823798901554,3.387239996618722,-0.21614601169707698,1.5964351513159831,2.0127250564723003,6.029981958210162,11.651211474205656,3.275759370858271
3.851020597127922,5.477537945712024,0.7284603458787389,4.999373402554446,4.1144596604329795,3.2053817571186816,6.3987521632454705,10.756238036683142,1.8428127427723933,-4.156792062559762
1.9313714544190166,8.430314222015289,6.14931603231945,5.0490522361190715,6.8391318743732255,6.632373511775134,5.221642441311617,-2.4918738314549556,-5.833730075426799,-0.6809087464360439
-0.22189185366741163,10.180138538926853,11.03328366426192,0.3151517563595606,5.766957084362018,3.366329034122619,-3.054511972740409,-1.0431631894479438,-1.9208368533620714,-1.3482459404422282
1.1023249011210152,10.168505536832228,6.8185130307815225,-2.8345971074583334,8.932494923246379,2.854446872769148,-3.823387646780021,3.1251830441154707,1.2190377555345135,0.7037113531763451
4.1978695655876725,10.269074798525097,-1.7840110338002657,-1.0421608050988174,9.439831814556273,1.029171742485756,-3.566054613340947,3.2349594369768906,6.175028787922567,2.0129929741050625
3.166696187111896,2.349153149821511,-6.091117917860121,-1.8460062661085899,8.954399282602708,-0.12475535652083786,-0.8838122232485275,1.2663335678272787,9.25508460468816,7.39762538700379
-3.782101134332914,5.821430431564758,-3.948605351111752,-3.374108699270803,3.8723601705273327,5.1429801832072055,-0.9134076532175672,1.901155443122137,11.24774842768791,1.7961404105824805
0.45568958992151654,7.076575820004824,-0.516446844026439,0.42352790283058195,3.1197349716799625,6.5181516322106186,0.5266201659610257,3.041552126279874,9.848200707865486,-5.26503622943732
1.590037963485806,9.386991611651721,0.8972372591371824,2.052392152655229,5.995757277092326,6.977519052706579,1.4334696293479288,4.391302121147517,5.198669803987608,-5.403918871262878
-3.177862203344579,7.792527539716557,7.508541065707512,2.4167266384594606,7.809593597564078,5.471461263100864,-0.028239631965937345,4.99805110475166,0.9813753278443595,-5.051223430996133
-3.1638234116649757,-1.777556020549008,11.321536958205142,9.141899569937145,0.13031470667469724,2.0334529568171824,1.402461333917151,5.757127591953026,-1.2359905884206515,-1.7598703985250685
-0.824450418784261,-2.586189147220006,5.556510866486419,7.866338657324271,-4.632200155145775,5.621717592899913,9.158619482354128,0.05481850813706801,-2.170463912614019,2.290266501113705
-0.5638175420468302,-0.3894662000430139,4.322883578682852,7.12245336562786,-0.9961537510682463,5.34301694352965,7.988911058446364,-5.559581514062864,4.380034058160741,5.075418983205225
-3.624057568287519,2.2061082133269436,7.110114386059925,7.3120692718922315,1.4703882003088824,5.794109492185563,3.152415833023327,-3.4444674480530613,4.4372199526495635,7.8474340369684485
-2.3205759024781583,2.5446032512164054,11.929599183914332,3.4472221582092732,-1.063464721478556,6.2259420238302425,1.4360996292935726,-1.7380618446637324,2.720023795452769,7.83911983427446
-0.07438255327119159,2.948847146733219,12.062508006049933,-2.430804278534215,0.96210545942631,6.9252344252109514,2.0939114191041552,-1.0412116393160475,2.61885790618492,8.281337997136005
3.355248097046098,4.456469961720699,8.74008367107811,-2.228011637897001,3.854776117175623,8.917547142198597,-1.2676233802056607,0.4784274617208154,3.2872061427050525,9.674776809032144
0.438426804449092,3.367096285734796,5.760896538498401,0.2843953881196808,4.632734225194561,8.174598874668074,-2.535520103490147,3.252330389683363,9.656846144454935,10.293180454794589
-2.7394327179416944,1.3348189955863743,9.564958058771786,4.601833967071032,4.614969482509186,4.131240580008708,-2.8132864452906436,1.5757010648717638,13.248319363579593,-3.2537046158726577
3.3082882628086763,6.436404614413781,10.6330427747571,1.5897114712662068,-1.7465422093193308,3.3030807368632864,-1.0387642499743142,-0.7956374546554986,12.448725474005743,3.4144371812178433
-0.8781184196321197,7.941539687649804,2.9915427707882927,-6.744436388176913,1.475006949131917,5.280281672453112,0.8186846168296058,1.2172997055172345,12.112545711631459,7.2148382628912575
-0.9739394157691097,9.129273281328075,-1.9265701359515122,-3.138617938474009,-2.672138835507881,4.939515461257902,6.5990508245451585,6.219066184192787,10.226999676931943,-2.9952876637314407
-5.144820919784772,7.172695690715307,3.376541840023407,0.2858166821227291,-1.037753354627659,1.8614793376400964,11.995804828407476,0.7427275071556836,-6.197170706803327,-1.1792340587291013
-1.9540842250355905,4.470683208358229,6.6339810968497765,-3.0163821286985373,2.073293986347272,4.412348081347635,9.09533749998042,-5.412136611229803,4.42980639587501,2.283863138430913
-1.1568356448552972,5.011197973485569,5.996812228649654,-2.693190608426757,3.0209725201774607,9.24586788158786,0.18363957474319026,-3.080754291233135,5.914876811444461,6.63643267215507
1.6778094993426789,5.647995832603151,3.683788261586722,-2.989830357528909,2.044280261340266,9.361932944748645,-3.9110023672962173,1.8032260039272887,5.577694664259665,8.130234717994403
-0.7118506899624542,5.572727067324378,1.336673997065946,-2.2430892230601955,-0.06812862966586175,9.547154966124383,2.426756159411354,3.971174035919096,10.837263928930511,4.496809868581941
0.38081816165012683,6.425678936707033,1.257643875652073,-1.759305210993237,-0.9781187481027822,8.362207680688853,12.415302214722495,3.3402499021828547,4.293306894905596,-2.5308211038086195
1.4285731054764372,7.244515857957131,0.26154968687355507,-0.6776552557350045,-0.518913536851541,6.358722347687045,12.263216611473444,-1.9375527070185667,7.075785112785715,1.367017659290144
2.454727701585336,6.277018132857482,-0.09736709704201932,1.3400392738113844,1.901445260414258,8.028690257463964,11.959381140893697,2.0072260775341983,7.00057894111091,4.973713584550613
1.8830801592084978,4.1455607672195445,1.3538521912343005,3.0194494890089665,7.559922056232745,12.606328800059375,1.3381559545155792,-2.2834864356565654,6.465551436308307,9.23767610496921
0.3855974786779113,4.007353590102698,5.876370101980598,7.599909161908493,6.74313486478443,-6.40743102860875,-4.787853264959102,-3.129033378487513,3.878576992097136,11.393361214830108
9.505696854412664,2.2901847391337546,7.410302717454968,-0.2650478518946877,-5.55762670755752,-3.9957812006958955,0.03846406873195721,-1.9881876445222963,-2.075709923591876,10.525550488274225
13.691723226836887,0.7832637715545973,6.016882360120398,-1.9957271472266327,0.9837331649667336,-2.181354647782505,0.92990976373026,0.22683986299765724,-1.2162489766720301,5.723050263761795
13.756749431221062,-0.4412449256169302,4.007025929958791,1.3412738276444678,3.286995225922488,1.0549608057542164,2.673838946837389,2.2256728233822383,1.6931022598393437,6.908814814401604
0.7903854400372881,-3.830857924222238,5.90189519712418,8.66107802514868,0.8491201651730482,2.1961512694695062,4.36975361815923,5.149851329722251,6.974787792762088,9.988697448845043
-3.478567092499695,-2.1689530354366644,0.692646975542502,10.581953568124984,2.4029210116674906,3.3417850664930926,9.319534605423852,9.296325726417727,-0.2944737323600233,-2.8444065446609033
-0.04904750415631942,0.119214067215613,-0.28458153411466003,9.740432994451389,11.152102747603676,2.729044566641675,6.407458862515293,-3.8946649588402122,-3.685315905211192,2.2105496539359475
2.468797441592784,1.8174446947948901,3.200813828771345,11.628159995349924,5.998933916014892,-3.418249147441813,9.023140711874031,-0.4832035744837073,1.3190046461340181,2.759473657216134
5.553658205658172,4.945750992790167,7.5182477930948135,4.675270059439262,-7.910791656415657,-1.5366050657070747,7.289387418125765,6.559704399956237,-0.6264478141948332,4.157236425714539
10.561813525281535,2.282892667532933,-1.8704689669058185,-2.41430826496717,-3.298976024070882,-4.868153489976832,-2.0493550628129897,8.233635657736356,4.125293222178188,5.512837879271681
-4.52155833252176,-2.213020449587758,1.0318306500714731,0.26613576456949134,-0.4487806032116497,-1.4319877509663113,-3.6350976891658404,-0.8051882913167399,12.515331009238396,5.495611756668608
-5.502405009723443,-0.07438127461767435,2.3839590746455603,2.2082322944185524,1.003403654286233,0.4128939282292249,-1.0534525119731302,-3.6050023465399312,10.432317308093639,-0.8828715211763278
-1.6158551140168063,-0.2338046915456649,3.2732756403382277,4.524595771715818,1.436860926318377,1.2648741141445823,0.2878345563239138,-1.6816895267254897,10.48562754025935,0.4095963807694526
-0.5592126682905033,0.9184255087907728,4.947013381423583,6.003626625996771,0.5316380663159868,1.9540269633628755,1.8014867994235773,1.9961826898009567,10.270512143692864,-0.19395138192410855
3.0909744159702672,4.902823838973498,7.18166038316401,3.422718287581808,-1.059562752272974,3.3725918422409054,5.87113762810014,6.781088798746381,5.122434247645968,-3.2309293544221886
1.0981613181762204,9.445134277418692,2.9176822954067902,-3.8779115050845716,0.6566068886554175,4.405481966203509,9.934429063340128,-0.0018915713503933063,-3.539435556177962,-1.1298694277492327
2.142152865512446,9.283538398098061,-2.791740295110062,-0.18703015921379285,-0.328146181771012,5.718000872805771,5.520979893298499,-5.539299966821392,4.7431129674622685,2.4830052633128785
5.1350729508955455,1.6379033295294638,-2.228565381767607,3.787892236551736,5.676681535826769,5.448049013456677,-0.8804126996674106,-3.139722343835123,2.5847611186419597,10.705352893255077
-0.29543172636928317,-3.3136781209624693,-0.5662466877087265,3.079749138663937,8.301782505314604,-1.920069834291397,-1.8617377430582078,-0.32887275753331346,0.322147554050962,11.439784694169848
-1.9969593251938098,2.8424629145223856,1.3779027536469914,4.002114590513944,6.817923872304238,-2.579290432651605,3.918731780371664,3.00491159787649,3.3651053184850963,10.17288961435753
-1.1043880858394324,4.843026771217034,7.986164473560953,4.6712466498305,1.9486139499823356,-0.44584774112075165,4.888803469895028,10.176226068100238,5.81286053215135,1.6145099617179666
1.1124938325314901,5.4352137359556965,9.636393316121458,-2.1586725117920365,1.1887162054568159,1.742387212858056,7.00107202612019,9.131751947129345,-5.005726948513681,2.44592292782211
9.896661373587895,6.321491644384787,-2.295357119746275,-3.092309475740201,2.0688596405486903,8.762232957365114,5.091479535349443,-4.85047796332922,-3.5866854840801476,0.34017048747393686
9.263476478023223,-0.901949667396095,-5.750780455364441,0.5538724838894784,2.3632988601413265,8.894270597709303,-4.446358698296289,-1.833163266923451,-0.042699638445907205,-0.6245972447555742
8.25605450278064,-3.4778026764317436,2.221689177540104,0.6577823139389719,3.5973428048258556,6.765215628917731,-2.6550355258861975,5.270661051940877,4.422015582866438,2.733385347504732
2.1926756174395203,-0.8208281457330122,4.618300191245173,7.316634479597127,5.134926022899699,3.3510635153934922,0.8491314871198082,6.333819600015556,9.851817320106138,2.5247929972559473
4.13691163148391,4.871675314007371,7.149670179938579,8.623436477425264,-0.8925305330995905,0.9807786823307884,3.4355114827886086,9.639847483588209,4.321297938754212,-4.00093548020125
1.8612021655104483,10.621609843143627,4.016418935575372,-5.949422421592019,-0.46220722265228986,0.9272914871319917,7.458403139684242,4.7165374187795335,-7.054223665297562,1.0069521647030129
4.652236946253065,6.795717442710882,-7.783667532676425,2.861701649509591,0.43510489342872805,2.249673938473224,7.534210927212347,-4.862197233525565,-2.169028962427157,-1.899925596416183
4.685663569540133,2.21608347985405,-4.306367305484922,3.8216043309455268,10.03691744427279,3.0758477167981297,2.011026110873061,-3.3003551607357116,4.437806230463439,4.116793590606829
0.17712813504326186,-1.3784804850579746,-1.5350967908569295,-1.0091217722645291,11.221096015684534,1.8411591788527175,-1.690113663050743,-0.9603825800398342,3.103480037133742,8.582948600915847
-2.0005334209300467,3.086467070962007,0.9054195885966916,0.19720465103107176,10.67602061685303,0.2515326577072263,-2.3154072338011016,0.16521060809942917,3.8769862936222372,8.012713463722925
-0.12917985239778573,5.349417317733484,5.4588938930768,4.609902840420379,8.077829195314596,-2.74450874188013,2.232205958028246,2.0158170643089646,5.776931095579878,6.8936812021532266
0.8866296675645109,6.606014375015609,10.376580730924667,1.047628030681791,0.13288036665561087,-1.618210345545653,2.968401297394587,8.984735579298183,7.014148513559637,0.6478052377810224
-0.1397034428397379,9.014057869383517,3.761844902277745,-5.237970763125029,5.0597565209413355,4.436367115255523,4.6601746119974035,9.894227064069538,-2.7073564067668245,-1.8491352874414477
4.548024533382393,7.776855356746297,-4.352625931248532,-1.4574306704785684,-0.110721714616553,10.759000646571737,4.517174176615394,-4.889156375134672,-3.4260011191008193,1.0139160055592815
5.488114370257979,3.2618750338770854,-5.060044542671003,3.0818592473086475,7.293108978362358,6.560795151047357,-7.111231673468929,0.3394726104208179,-1.1332472790068069,-0.3581446765951187
5.804857973875474,-0.8962089421509256,-3.085483299525692,-1.4416038551463368,9.318991646393648,-4.320432002155919,-3.216510636659948,0.7938116917987317,3.809194457761677,2.677578339789626
0.12768498802275152,-2.4426135386807255,1.3736258416273184,-0.4991569273868457,9.789888729336987,2.2258186913842213,1.5779493560324718,2.544257917542441,5.880483345936343,5.638936459305449
-2.1523287573034877,-0.14367240285867425,2.406322048295553,5.164256354400324,9.788530246641347,0.36064071069685755,0.28605384073371876,4.343987891515108,7.83888855581139,-1.100508990864294
2.8648020079935073,3.140516422251407,4.8602224928796485,8.76743154234048,0.4871019179060365,-4.555580130307877,1.2053335833657517,7.584088075760825,2.649158819601862,-4.623497289370987
0.6183475801709019,8.060104764508228,6.609909048267541,-3.753746330566555,-3.7053771168212224,0.16297645052355103,-0.2903423906604722,8.070776831184272,-0.5750217326378818,-2.3313883271544946
1.439864132960329,8.472885827715166,-2.753536999892992,-4.847442405565399,0.22349634412568997,1.4210845644368777,2.2533012193082422,8.156776769191056,-0.7700961059784882,1.029831167106023
6.024680379964039,3.4529197827713753,-5.4784894317579935,3.297638897699262,2.308281153006462,3.1498184374939253,6.335131342991209,5.704206525508063,-1.573928198987855,3.2228078906279154
6.981870002523364,-4.484943886252945,-1.1077861922978562,0.6645496258004391,7.486767372299976,7.986836734712742,2.8075587280546683,-0.679257880671274,-0.8433436401633765,3.2148186884484087
4.190588591230719,-3.804552573562288,3.2246883242707622,7.002064740611814,8.655847231050062,-0.30284895210025153,-4.332259749635876,2.2647713140481796,2.3639670016420533,4.492047159677241
-1.61577657903371,-1.7185274308425256,0.3647433365359749,10.20249903344896,-2.980940712535075,-4.397940293324323,-0.979341284971278,0.9898190204600915,5.525437502923429,5.252262382408173
-3.3531486164094044,1.5753944051419941,2.9574032020634173,9.547439520140703,-1.2375926581495351,4.071117072266563,1.380412211963262,2.021316755759349,7.0537356016938615,0.949582105727667
0.2879908672559228,1.517028654864765,6.834193090993312,8.448713329603478,0.2960730690624803,5.282893870217597,5.848999749510849,4.0728578770004695,4.2254650240463105,-3.009181510239641
1.5560018231691237,5.498377895267542,10.087532331726337,2.3876396446702426,-1.0623263547220465,5.7697185211031154,9.323708813733658,-0.7005175658056237,1.1689974007824606,-1.28565128648848
3.674936197825132,8.622812118855654,2.0671948042332398,-6.148983685311771,0.5447590269260582,6.968262019650995,6.8692901212445765,-2.4559157500587956,5.635252837309883,4.064030587740122
1.8236234211937195,0.39293560014843776,-4.232202897112462,0.16329689142565473,-2.711227613340242,4.235588831740105,7.615686092331654,-0.052109819050562,6.169310819584209,11.450897271040628
-3.499300605630526,6.061528261860382,1.5048056565016448,2.989579127273534,1.3943124266275282,4.4484031384958165,10.736826499666158,6.241237322733307,5.690561228607676,4.408454470432606
0.8197871879260907,6.550060897631866,7.060969870889089,1.0257002496522443,3.689976351313005,10.210058884066468,9.488406842721332,-3.90736755058656,1.7279267931445634,2.8459055726093725
7.9288299022686815,6.542279357845741,2.723551651190159,-0.18512885351505307,4.885730177889302,9.091889040144219,-8.184275359383822,0.6360405905629718,-0.004898204710524531,6.6453151997975635
-0.6167026378746898,-2.022379138314575,0.9173115034509584,1.9001191615640989,6.196882514668376,0.8870631206486855,-6.452244639753063,1.012546643683259,11.990854727285171,9.418401065014441
-8.552019369210415,3.286286705184629,6.700484119395407,4.451428205776591,3.118148475739493,-4.201992618896949,1.108574563255294,-4.572102835305717,6.674571292519013,3.7550485774452076
-4.70903681860063,-5.304549673055908,5.708608953923977,4.935051823645724,-4.562942880046816,-1.4093974376718248,3.0524975181467124,3.138100005352663,6.426768256679974,-3.4733449714260822
4.465786996222248,-1.529733124154574,2.232871039271645,5.812057306035942,-4.03534028303944,2.2276243180009274,5.68431114956112,5.556470056373179,-0.9411932734998283,-4.108270022795458
2.6561885605014917,4.840232810017248,4.0896416248654495,3.7219305605998745,-1.97129632720814,2.459930168733286,8.68482909265561,-1.905181446563385,-2.8509958030673523,-2.778328578143818
2.2382206639439493,7.973021512944512,3.6623991896947525,-1.5590948978752115,-0.1929224590045019,2.3158559637378247,8.332315932157139,-1.1892334076729094,4.425673729964179,0.5296308102677934
5.092219784794455,6.409285700336836,-2.650883843492821,-0.161581444084391,0.9693708796001965,4.717965962856546,9.213573707209665,2.700319246472115,4.192179911263251,4.211252514347214
3.656493677745227,-1.668421535636445,-2.281535632672097,1.4289294167520608,5.0528730384468235,9.477782828933204,7.040120571332327,-0.8022864021659897,4.091160337496271,7.930936304099522
-3.2591039215412967,1.4855348272642044,-0.05442059668044455,1.3775944885163587,8.213890378505038,6.972134359423313,-6.4985784486200036,1.254008328603091,3.9980361990881828,8.676309220960787
-3.1554985496107446,5.245487939583815,6.727032638531906,4.466360346060336,5.820314445055573,-5.786369468585791,-2.3542126878497265,-3.210639563305798,5.596219791692488,5.297591898910495
-0.5337092093388718,4.961745394340818,11.070192567858877,-1.7202980455865837,0.38842935228856235,-4.176272498254061,2.7544397723277587,1.8492784010813637,5.102830925005743,5.72115023253354
0.967191585553545,6.156649315132371,8.081004395141603,-1.410889571515695,7.183368320140009,3.263394731797154,3.824031148865558,7.248956178668671,6.059948375152422,1.2588213124588248
2.0634219719943308,9.136290267712262,6.168133193924776,0.7387424039444721,7.981932067164563,10.228988918780084,3.547712884784403,4.886402405978456,1.1147043621556263,-0.658067744642597
3.821611671898739,11.514459159013922,2.979729470772533,0.784190139069188,9.111323791545262,8.490986800618117,-3.284703353202379,5.758560636166903,3.233883450557694,0.8359532861517727
5.637473414971981,10.173416439826434,-2.8555725146618722,2.273569471310062,10.334932274200417,-0.26749364741890025,-3.233631033858955,4.879305090888931,9.529647511741764,1.2156758945254087
2.531796822347361,3.3102909943275565,-4.237078538513942,0.5518447591605331,10.678496715833818,-2.532641272290793,2.846828499813225,5.754017077574654,12.385757813069182,4.797539311085644
3.4445554606334245,4.096272412076375,-3.814698716272762,-2.2747387458395436,8.654324447481876,8.87756250521925,4.971149134712156,10.120198521721058,1.4453264102838057,-5.691826097663928
-0.4086240864282787,5.272833454309304,-3.8733395227651264,-0.5056272841354637,3.2392744207820154,15.33171698975509,-0.41898136409647724,-1.144168386762675,-3.194080432244097,-2.294836206796262
0.31524653253471524,6.233347295024561,0.1447335592560156,1.9718809480906665,6.9135504836736725,11.323049278183682,-1.640960462076567,7.447056796787882,0.7878283943735664,0.4567965068429078
2.0553368692186895,7.591325316934344,4.060625168917752,4.464948695711171,10.536375487822975,4.766994121277334,-0.3937994508169842,8.77600033049205,3.380112114950653,-1.0086336394716835
1.0377892186932014,10.994253772314138,10.533411451198841,2.8203530458326926,4.384524173411098,-1.6471720265038166,0.8383366578334928,9.19939429004806,1.0310148776322356,-2.241081124166067
0.676438988489312,11.326944961806054,4.19804976254569,-5.223077683611138,7.643827575727351,5.460939222257218,2.4961224997390072,8.727027824841485,-1.3701466100947506,0.7677345649952196
6.82142884195585,6.441058259004938,-7.5629817881529675,0.5581491288613529,2.2650120130430764,12.536385841411024,4.850281691940909,0.12089543379879464,-0.876659398532083,2.8782138292023114
6.50274571482979,-6.328134495159554,-2.077429447282842,-2.909782741833735,3.6363825017294333,11.086573303530992,-5.015369540221767,3.5792919838657293,1.6401906947511307,4.093747563628305
0.015016450776697485,-4.762302211147964,3.8436128200119297,3.302527062977274,3.6746364595008156,10.861589740547386,4.173199092503493,6.028302157669804,6.926482444560957,0.9325664250627045
2.4935980522643537,-1.421512249851051,1.9317319630404195,9.915330372807126,12.522587725382518,3.4337676016280234,-0.05002980958607006,3.8634057927943815,4.320326439810879,-0.6326912302120236
4.063000613111168,2.4345792502942762,4.113337300919634,11.59515075759793,-5.024211354458129,-6.181646628191402,-1.099406464357736,6.920994882505264,4.216184332183366,-0.22072525345208888
5.176008900282244,8.438332997930614,3.7058175981437618,-2.3904224363190583,-7.6114961761663436,3.1404026288806324,6.320561283814652,6.551581132547065,4.663503800531564,0.16233491312671136
7.20426633563829,5.107259921905705,-5.183331724269212,4.328397374329666,-4.081597757261842,-3.085626434831548,2.3432418714045,9.769139551500805,-1.584343612985257,1.842801009063269
7.240146239036287,-3.6467659073523415,-2.7545452360856038,6.775477779756736,2.312049259765246,-0.1310705884796307,1.4744993786047482,10.187080784433572,3.216711042589115,3.020762792096118
4.888352471726304,-4.665966262677319,-0.528898566292894,5.06109949282435,4.820050393650013,-0.7757377330459844,2.3957619375979373,11.940474148998513,3.7554843190102094,0.00944024951852529
6.116757386351579,-1.1864249289468174,1.3827956017463239,6.516753884077901,4.077371424665765,-1.5350990833497176,2.2370867949023343,12.487004365228346,-1.2336621236945056,0.611535288778916
6.85490540328214,1.0638698260616322,2.9698551285080277,7.780180678618254,-0.2767515617399796,-1.4577368869815133,0.21924891335410612,12.297897510961175,2.410940592771791,2.5298939640125147
6.984894467771092,5.9544710510734955,3.89716747907315,4.744657576175449,-2.306895200513556,2.326216240865354,3.570341091890235,12.460520549679986,3.7502773977854735,-0.5598251480056926
8.38204543249907,8.350152513032961,-1.6001574355348196,3.0142996626838037,0.3921746753054183,3.0893432365010716,10.034443642717088,3.4746541821658603,-7.4584387210520635,0.6808710576896408
3.6870504899295318,8.525985168518277,-1.2269464089193582,6.059366353480204,8.698296395403077,4.8134218330789516,2.125072538462224,-7.033369838043335,3.5846190546353522,-2.4823431088529038
7.217818804514694,7.611786427271397,3.4563464165837474,6.812404638998469,6.287581342430602,-4.029439314220516,3.693231868896108,-3.187386830019628,3.0541910474732106,6.886025590094372
5.111277642742768,-1.9687705970752605,3.4472923495862875,6.9221098316609275,-0.852257242570736,-2.0658219486810374,5.669298349742845,6.512960977426442,6.149763306509079,11.564790344516737
-1.3792380884673134,-1.3348756510779314,2.1868961490699292,7.117039259085991,-3.077297453968275,1.1082300267175311,5.877349636498801,14.194833895691877,0.8160169507482458,-4.88508518596154
4.935958297538468,-0.2571368102236904,2.6913492028059642,7.061237655437914,-1.1535530306898167,2.3707224624509746,9.707814749646822,-1.280135483081626,-8.877436474892098,4.7509960208285404
6.644203630244496,5.2334922112671665,4.0009663816763466,5.9454855074418385,0.32419241922806086,3.597013440820438,6.0346169283014035,-7.773159290448681,4.859303650838831,2.0192510058858013
6.088794276940508,-0.05675553341001338,3.9485159265773535,5.012383065800941,2.2921498970801952,4.371582088535041,1.6564490507971086,-4.185279238786497,1.2856288365403565,12.975510240577762
3.7028517077562935,-5.215900652074438,2.7719051515415942,10.18879053409638,2.662688734295255,1.6672379822637424,-0.38771947614895297,-1.7038423882347313,-3.6370590957867113,10.160245121672551
0.2878260647085451,-6.071905644534228,-4.833616953227579,8.00713356833688,4.963574836379626,-2.5041513177957384,1.8261424632136487,0.3686166730389326,-2.1300719063443374,8.418283366391538
-2.113812272450889,0.7926660040190319,-5.058055425296255,-1.7426934219580796,6.949366028273529,1.9511705045077559,4.754620248389671,2.924616019312571,1.5124644367199158,8.613689831284374
0.07961070516018698,4.673915391495352,-3.031988975216417,-1.187504777501597,3.870903652261887,9.192593310198022,2.9326489621023617,2.2136927061689264,4.909105141279773,6.765581499391386
0.3967810410894191,4.966605180439774,-0.952887337423155,1.1586443576160086,5.239031766102065,10.504349682040084,0.3180724094334233,2.244000940301231,7.4348680773261595,5.590806094100139
-0.2820228842487174,5.817737466598843,3.2089372459406476,3.2415119983856764,8.610830807487798,4.557290670777231,-4.170010998806595,2.639933526685759,10.960538668771699,1.3659446295884639
0.1847404815799346,6.757013949940312,9.374056507050659,4.090990592771818,2.5112761459518413,-3.8650130877625046,-0.3477930149156926,-2.327048912222831,10.479231153739843,4.169273577236565
-0.989369464940976,6.959980707648579,9.146068945569377,-3.888107935896627,4.981294590074939,-0.02811956937076543,2.5253296518972412,2.976425128883946,10.191846231420874,4.341974772461825
0.67278750792401,7.124044069304984,6.491050382070346,-1.013915075006938,7.811242494129544,8.638648764097583,2.492304192778753,6.467989942687249,6.682291808668722,-4.3099782770769135
-2.1387594297155124,6.991500787509024,7.756255752290137,1.3564226163418645,8.361980842272601,10.621502073460872,-0.22756631772183256,5.552671036120158,0.31491022516718026,-4.758017229083949
-2.466459296952405,0.3754480876043438,12.551086388338568,10.367625553104304,2.788754900674909,2.6209248883679077,-0.05126640964681606,7.650788095110897,-0.45043166825518866,-1.4324302175640464
-0.06070723723060201,-0.6706563538502555,10.971953463786978,2.5224756136706183,-7.505810657668789,3.8259938829291014,10.149258469089625,2.638382939797804,-2.8524274393739986,2.1939327316526946
3.6184898925549858,3.4453833111218994,9.076157704897543,-5.200316029686126,3.2597518984621017,-2.5653623510453443,9.880290597891968,2.8262305071812737,-1.9729923953265465,3.420568549079192
8.974838050425367,5.394059954746151,-0.41375957932376506,-1.9791199584843733,5.163167847723648,11.005303927966057,1.6435297120631798,-4.394794010981136,-0.5254890186131156,2.9043218417009995
9.614826695564604,-3.0539803220201107,-0.5943791700464389,-0.9294730149942256,3.211393286627486,9.0906185370175,-4.342063979958943,5.436540160083098,2.6201862033482817,3.658019006506113
1.6689554462973226,-2.8092306696681493,4.117762030565193,5.1075384561269574,5.534804033046715,7.716623210181477,2.4633723716624054,7.281275804106037,9.469651635415751,2.2196407967837906
4.058220168642905,2.352616464474042,4.769878017100725,11.728645258997258,7.242901682804825,1.1943796202958064,4.509294121349302,8.69991145124,1.731764090589528,-3.011201461374012
4.517085661441773,10.235703825113667,9.95678220925667,-0.7526381203532768,-4.74780991049816,0.0810495893640577,5.314016933886288,6.387500328625854,-5.569756698264457,1.4461396800404298
9.23468780483731,4.088511646831789,-10.249637076622893,1.9275654371523951,-0.7874998579646091,-1.248741097852288,4.936949563848294,2.777287688428099,-5.740314099181176,-0.5378901484092348
7.608478101957461,-2.6461519269501297,-4.98583658335717,-1.0226645189705188,3.9165432798771476,2.6861640433920884,5.2351155922556165,-1.243528790458075,-3.884860454819285,-5.64740507703865
7.2085656242894744,3.00337337140105,-2.889747495149005,-0.8081620503106199,2.9193727364267987,6.833716529760722,0.41034037296514914,-2.556935882469277,2.486323976328971,-3.385345938607067
6.902576988205804,-1.1114959399152613,-2.9092542584723877,0.07908031581885824,4.185746375946244,6.180277465992772,-3.2650353419349667,0.7493445822944704,4.010768877683076,4.002421753186651
-2.2618862167372447,-2.6693281642052686,0.6367676406788136,1.2024534711476376,5.375685786231066,3.5611055400121994,-3.6030929583739604,1.7673580400657214,8.038252142301054,5.577670793065838
-3.509707595810092,0.20721873253715514,1.7069524956109103,3.924510435530479,6.009016127595375,-1.4420033020996332,-1.9319878946138034,-1.0343407379293015,9.117164242044861,-0.8681874167723389
0.41747011186443084,1.1849425610570266,3.84803794729863,6.526879081701478,1.0487069938220737,-3.0241656407935396,2.1496161917106464,2.218846813622135,9.12233457875315,-0.8754536630828286
3.470013984965819,5.801318188463157,6.058343098313638,1.9432240603421707,-3.564838028178978,0.1395724284682791,2.250044965740086,7.0261488545533055,5.502751005715595,-2.866808199536104
1.3385454206940894,9.831386425603467,-0.3313760349125423,-2.773054987279761,-0.6478017249478294,0.3527992097268413,4.109199104638446,8.061038382795708,-2.396346990824181,-1.4919927866039648
6.062731137968178,7.514181042150419,-3.3357816920597454,2.8619398366724114,1.6860626399142031,2.24179875434107,6.21633253642214,3.265416092626659,-4.573649806983425,2.6652555295517546
8.49922545514245,1.2646848492592668,-3.622484618504979,3.2488394658833757,8.50044918955719,4.656182894865092,2.80732640773927,-2.524066173701997,-1.675798379683996,-0.791411021178654
8.64839883950934,-0.48122821339392374,-1.3627353360753625,-0.021378473610203064,10.46457500960745,1.3338428261135156,-2.996991568673298,-0.07707551665719325,0.5950980246560884,0.5398799830114271
7.450110163455714,-1.6493781693120444,2.1014350119639493,2.696778178057312,9.979380683586532,-1.901551605676801,0.16393487761756398,1.2953922196611156,2.844887545544396,4.537903411816989
0.753977182440285,-1.9115036641626215,2.783074907318147,8.800511611517964,2.813837975442242,-4.096034165393819,3.5899536308154,6.7364838654905785,6.131127627534161,5.590343396244209
1.4456264348188934,0.4074248854880557,2.7327396878059194,8.721868276160938,-3.752749803274744,0.8409209207575218,0.9774304707054541,10.219654690889204,4.144430257103173,-4.254450457736371
1.4282533341974695,4.652674841129939,6.30999244867028,3.8751115163068985,-2.7688529835213287,3.7035091909614115,8.998100968481317,3.231481699447775,-7.045923774874196,-0.07646360448497491
2.219097648437053,7.9832686803080035,3.566908034170269,-3.752287918009699,-0.22479850853393124,1.9338029461017912,8.746570903037668,-5.71832741160787,2.638929145723034,-0.22529792251771608
4.084438337089048,4.97751880094618,-3.7819711628183423,-0.5281667815795394,0.1606128483917454,3.79668015542112,7.843316026515463,0.9988407216676891,6.629722957007741,7.187351313670191
-0.4572345870889083,2.0901664358252177,-1.8898139838518162,1.980607644706445,3.7857212963114293,7.365094299983135,9.96501287719936,4.839974354479851,6.031285895633901,5.629596887260139
-0.054999855451829616,3.9343598954625305,2.1025757447447497,3.7700130317375544,10.125748802467097,11.597403156018824,-1.0892907428397347,-0.3997097424644107,5.014127019868964,4.34119802682163
0.7209765928836087,5.099370022845511,8.79106581895945,8.386711551175672,1.881288703448667,-7.918237529050886,-1.3211775791485754,-2.7498266534854308,5.32708434399014,6.213469653742488
5.391416656317371,5.992792532614306,5.938129941362862,-6.4974041888962555,1.2173436172620287,-4.245525556208241,0.11645502048171834,-1.1843479532881471,3.0907060733525067,10.170622580041472
0.5198773444852822,-2.179304868394101,2.874503210920473,-2.4495758370548595,5.851193299239571,4.053146790431152,1.8272445695414856,1.7432692808572807,5.195995513734636,13.060114907538683
-7.721653527698161,1.9364271172261844,6.5724175692606694,3.5578710182245366,6.534289145416286,5.055527835953535,-0.09011949794678836,3.463177244543379,9.288485993027892,0.21514850595543633
4.6559790871881965,0.40122433756857356,4.9357237851325495,11.192500512303274,1.0580485219915623,0.022644290540812406,0.9914038471949429,4.8569812017923395,4.888647647117423,-7.042194457331882
0.9292324114141531,11.15228470303409,7.45651746066037,-1.7825112361022089,-3.4973698000748126,2.346561040412079,5.238799059221832,4.929453568119586,-2.1289131122116167,-3.7588258932498047
-0.2781188564393772,10.59298575935005,-2.4754119868413778,-5.6978613002359655,-0.3717820974203552,1.86267353001773,7.0656088369266,-0.2797117768281656,-3.5013478452759235,0.8777013884832726
4.17807701037965,8.172086133281383,-3.7616038519982715,5.092066243128393,2.0801899981497116,2.6217422718268915,6.883898516146929,-2.6521741925185114,1.0604403479061562,2.07195718450339
6.671728351765159,1.4285448340587676,-0.8662064755927233,6.214112674764383,9.094214154150995,2.236819665996327,3.0822135660088885,-0.9735802004158716,3.1417490899070173,7.109777745088993
-1.8524975270834654,-1.9344947442159839,-0.32807677072310587,6.560092606418984,9.23697410026145,-1.988292852509135,4.33322588610579,3.5127372313726832,5.355836184539937,8.72113213300834
-3.4895861671614345,1.5284053976120726,3.316716248117501,7.944528956113947,5.395535831139661,-2.1421042551009615,5.24999594543526,11.6096257958411,1.3205802227164438,-1.8490236052778266
0.5932377075891582,1.6082811417735805,6.679332082986251,7.054847730323541,-4.156656798621325,0.048096707961744034,3.089765681519398,10.94548971610406,-1.3053322799941356,6.064290202909161
3.5600962885259193,3.876494375088478,6.730317215740078,-2.7367537572585054,-3.8653550458493626,-0.8902364804922089,6.223405666688238,11.784565808129022,1.870801325900805,4.591317946107747
6.912538949738014,3.8092845667805957,-0.5568606740959661,-3.8336256880163444,1.8108770678443145,0.5272924504398986,4.322503311252652,13.662903028386982,1.584766170273044,3.542200765031042
8.330378241185587,-2.2773900865019714,-0.09915509874743877,-1.5021615939965063,1.469625262563875,5.098558280269591,10.494791756964327,7.509814188113138,-3.721482560740978,4.486561994171982
9.108131008779903,1.1311043590070953,4.806541730875077,2.7421965406867783,3.3532307727245483,8.876140998986775,2.7749024425061046,-8.674617792209654,1.1102232911391268,1.6728676510311096
11.100139668537464,5.013269374348386,2.2165555771159844,5.2260078824120075,5.828624572242652,0.4365235018003979,-7.281119516322311,-0.07723799497615569,-2.3484611372008444,1.1022991894654912
11.553918021505485,4.368504156007679,-2.0259957080851443,6.321896319933447,2.545499925006184,-6.126422441020597,-1.5711002064839332,-0.0018346035765413465,0.29492497656377686,1.027423610233003
9.9560295880171,-4.090403917522247,-0.23668745032445698,6.959807588324888,-0.7751953045543605,-4.259751311174293,0.6899588768408885,1.9734264605402727,2.534192742764227,5.111874164405884
-3.0833573679473085,-5.351049331866979,-2.6892856050417873,7.423220222471916,-0.9724746867162053,0.5803549159191586,1.0213644459892206,4.101390272732757,7.234847126982547,5.418269038132124
-0.9437924141369181,0.18236081566411322,-3.692632910955104,4.126077404129117,6.465045189444805,0.7761610524753647,3.073058999266527,7.437687151774068,3.7862329433355617,-5.464253490797227
-0.17089704953105117,1.9559595271948946,-0.6431919174578707,2.5327419708810934,9.293221155297422,3.57419049903404,3.744246126858859,5.320808815447955,-5.087302156704931,-0.7417123981037439
3.822397315928903,3.1316374371154807,2.2009098365480506,5.183950202939118,10.989629490180846,1.5184549547282975,0.4001548360060789,3.067511468898054,-2.7345192064117,2.9256278030644696
7.725820550586302,4.456666214910508,4.47913923108515,8.231683621279153,2.4828454187051587,-4.690410171065604,2.898359709601573,5.366630968140572,0.6878984100451471,3.9937245702658637
9.030178355318405,3.756402742913938,2.8353285468214255,3.4945611163990984,-4.037167453548495,-0.3008885734316069,0.23042617386474593,7.457043004590774,7.332522070957906,6.450143815921926
2.7272182775883493,2.3986132780360143,3.1283502703783697,2.154676135095849,-2.204475880938805,2.0190775126173994,4.86982049862194,11.882485599783475,10.340770930216268,-1.9024248405424984
2.542383943583137,6.923044808282828,2.7291029290383206,0.00819008380181574,-0.214288268052036,2.199139464724932,10.149144698412247,3.0383552376563814,-10.729023703744696,1.3204833310612003
1.0560897270450518,8.702431080735748,0.4353481324355577,0.38936142169065696,1.6391536033039473,4.662287082665365,5.496510365669448,-8.913498578147605,4.8749290994381855,-1.64432480660843
5.362049861038829,6.04154804067925,-0.0978227362450036,1.6319454392775299,4.058703486982957,5.22403152386186,-3.0924124129570743,-4.886272842082328,1.9835634303238692,9.649367973938602
6.981354906401748,-5.903766795440717,2.3805939561282146,4.020625780785173,5.836508567602191,-0.8878088922261452,-4.228617380310355,0.6540408529895674,-0.9534201165570435,8.17525356091588
-3.2874385768231695,-4.428175121767072,-1.939802114965706,8.151226017154535,0.4405459902549089,-3.8885596289814117,-0.6306768648424274,1.0669188212451928,2.666526727127226,8.087055635474911
-4.770225266579195,4.627363007544333,3.1513445769854544,7.773817115057651,-0.323289588883536,-2.2221440891292974,0.6490866551955203,2.8723160997951287,5.743062805278034,2.8574831939474366
-1.3742703668566603,1.2902569606100764,9.201107494761573,-0.2244603806629124,-3.7871110818760676,1.0024386308767828,2.433319407050747,5.382473705206968,4.636896132646405,-3.692577411257071
0.24770626441503718,2.8863511858448803,8.45311710951036,-2.958350228114643,2.054406424206545,2.0386587082105376,5.045083828519417,5.730387985716981,-2.830206198987478,-2.2129750583625882
2.0997937140001497,5.252143646180302,6.771623549041477,-0.8946908738446899,4.57774638712026,8.145014950395709,3.248388376976255,-1.8004234909579657,-2.9397857554844093,0.8062387041303019
4.7645421746887955,8.374115605717048,1.9521119233100772,-0.5614060690140166,5.100347586416278,7.715571535942768,-4.250615852772955,2.7106199216781226,-0.23569813863151068,1.1573675028939585
6.8454620785757285,4.146946195553394,-3.970914265027844,1.2362650137794293,6.654803266606875,4.230535055828042,-2.2440543920927616,6.040471719232912,6.853632611260972,3.255833814917761
1.5098978466460358,-0.6754376616158434,-2.238999586872646,-1.2074114935474198,7.4305770750116515,3.185075041401566,-1.0937779642403558,4.922670612383289,12.528317781553655,2.0569929300002494
4.641044938647646,1.436853619683332,-0.27934280653764243,-0.5498176935465615,6.841399131727221,4.687325823445444,-0.8951675178625184,4.382598342327906,12.240673102450279,-1.499275031159751
4.086787497929449,1.9985556156470952,-0.25974281533392835,1.078080400887752,7.683482360801412,3.8086097893556135,-1.3178363476963335,3.8538767717100204,13.21103781417285,2.7589744470197863
0.30856930363894153,2.720194314020766,1.8519025493088968,3.384843880229445,8.3751168561801,-0.3232843884328336,-0.9569596906292438,1.8674900178962632,14.596825096522823,0.9117553374878371
2.7535552870840183,5.218151177966508,5.966364232083853,5.799650438471422,2.6435496307935447,-3.2597755113957927,1.91891796053366,5.79847582773057,12.642754538429761,-2.3293770939761393
2.322541915465687,13.18169282689501,2.0184643221848093,-2.1174738162532023,0.49903840272266964,-1.0762946429093738,0.43905632342304196,8.868320261941843,4.0549013407831715,-6.053603677108484
